title,content,type,aspect
5,Cảm thấy tiki gói hàng okela hơn đó nha:D,0,other
5,Sách mới uy tín chất lượng dịch vụ tốt nha!,0,other
5,"mình vừa nhận được sách , sách được bao bì cẩn thận không xảy ra bất kì vấn đề nào hết . Cảm ơn",0,other
5,"Mua nhầm, sách PDF free r mn ạ",0,other
5,Sách dính keo ở mỗi trang nên khi mình lật qua trang khác thì giấy rất dễ bị rách. Rất mong lần sau shop cẩn thận hơn trong khâu bọc sách. Cảm ơn,0,other
5,"Sách có nội dung dễ hiểu dễ áp dụng nhất trong các loại sách về thói quen,nên mua để tham khảo",0,other
5,"Đoạn giới thiệu khá dài dòng, nội dung chính dịch thuật rất dễ hiểu và dễ nắm bắt được nội dung",0,other
5,"Sách khá hữu ích, khá nhiều ví dụ để có thể dễ nắm được nội dung hơn ( hơi nhiều quá, đọc hơi ấy :v)",0,other
5,Sách được bọc cẩn thận,0,other
5,"Đọc rất cuốn ngay từ trang đầu tiên luôn, lối dẫn dắt thú vị, đọc dễ hiểu, khuyến khích mọi người đọc nhe",0,other
5,Tuyệt dời ạ mong có thể học được điều gì đó từ cuốn sách.Cảm ơn shop ạ.Nên mua nhé mn,0,other
5,Ansn dndj jsjsjd dkdjdj djdjdj djdjdj đjdjdkdj dj dj dj ke,0,other
5,"đã nhận được sản phẩm, không có bọc nhựa",0,other
5,Nội dung sách rất thú vị.,0,other
5,Gói hàng kĩ. Sách nguyên vẹn.,0,other
5,"Ok, ổn",0,other
5,Sách nên mua,0,other
5,Tuyệt nha,0,other
5,có bk,0,other
5,A practical book. Highly recommend for anyone,0,other
5,Tuyệt vời ạ.,0,other
5,Tuyệt vời,0,other
5,Sách ok,0,other
5,Rất thích! Cám ơn!,0,other
5,Siêu phẩm,0,other
1,Sách cắt siêu tệ. Nhiều trang bị dính vào nhau. Thật sự cảm thấy rất tệ,0,other
3,"In thiếu trang từ 129 -> 144 (Hình đính kèm) Bong keo, rơi giấy",0,other
3,"Có vài trang bị mờ, mực ko đều. Mình chỉ chụp sơ 3 hình thôi",0,other
1,"Sai chính tả quá nhiều, làm mất cảm hứng khi đọc.",0,other
2,Gói hàng quá tệ. Sách vẫn bị móp,0,other
3,Sách bị rách và bị mực đen vương vào. Cảm thấy hơi thất vọng.,0,other
3,Khi mình nhận sách thì thấy từ trang 371 đến cuối đã bị tách rời ra khỏi sách rất là khó chịu,0,other
4,"Mép bìa hơi quăn, sầu",0,other
4,hài lòng với sản phẩm hài lòng với sản phẩm,0,other
4,"sách bị cấn góc, bám bụi",0,other
3,"Giấy in trang đậm trang nhạt, khá tệ",0,other
4,Mong shop đóng hàng cẩn thận hơn,0,other
4,hàng giống mô tả,0,other
4,Nội dung hấp dẫn,0,other
4,hữu ích,0,other
5,"Siêu phẩm đọc quá hấp dẫn không thể ngừng đọc, sách còn nguyên zin",0,other
5,mắt kính Tâm Đức quận 6 *,0,other
5,Tuyệt :),0,other
5,Có seal đầy đủ,0,other
5,nội dung sâu sắc,0,other
5,Sách bìa cứng bọc chống sốc kĩ lắm nha,0,other
5,Tuyệt mn ạ,0,other
5,Rất hài lòng,0,other
5,Sách nói về cuộc đời của Bác từ nhỏ cho đến khi Bác ra đi tìm đường cứu nước ở bến cảnh Nhà Rồng. Nên đọc nha,0,other
5,Rất là xanh luôn hehe,0,other
5,Đã nhận được hàng,0,other
2,"sách không được bọc kỹ càng, móp sách, sách dơ",0,other
5,"Cuốn này thì quá là nổi rùi, mình đã đọc bản onl rồi, mua sách để sưu tầm mà thấy thích ghê luôn á",0,other
5,Truyện rất lôi cuốn và cảm động,0,other
5,Siêu cute,0,other
4,háo hức lắm á mà nhận sách vậy thấy hơi bùn ahuhu,0,other
5,Huhu sách xinh xỉu,0,other
5,Có kèm audio sao mình k thấy nhỉ,0,other
5,I love my book,0,other
5,Hữu ích,0,other
5,Rất hài lòng.,0,other
5,Con gái tôi rất thích,0,other
5,ok ok ok ok ok nabbabanannanamammamammama,0,other
2,Nội dung sách ko phù hợp với tiêu đề sách,0,other
5,"Văn phong dễ đọc, có khá nhiều kiến thức tâm lý thú vị giúp mình có thể nhận diện những hành vi con người trong cuộc sống từ đó không bị dắt mũi.",0,other
5,hết sức bổ ích,0,other
5,Tinyurl.com/pasachreal Chuyên pass sách,0,other
5,Oke quá nè,0,other
5,Cảm ơn !,0,other
5,Bổ ích,0,other
5,"Sách thật ,chữ rõ ràng",0,other
5,Có markbok nè,0,other
5,Nội dung thú vị,0,other
5,Hài lòng,0,other
4,sách ko được bao dù đã chọn bookcare,0,other
3,"Sách viết hơi dài dòng, nếu cố gắng chắt lọc thì sẽ thêm nhiều kinh nghiệm sống áp dụng trong thực tế.",0,other
4,"Sách viết vòng vo, lý thuyết quá, đọc hơi buồn ngủ",0,other
3,"Sơ sài, lan man. Chả hiểu sao phải bắt 25 ký tự khi chỉ cần 4 từ là đủ",0,other
4,Ko thấy bọc,0,other
1,"Gói hàng k kĩ, hộp kép clg, làm bìa bị moop góc",0,other
4,Cách viết đọc không hấp dẫn lắm,0,other
3,Hơi mốp phần bìa sách.,0,other
4,Nhiều thông tin bổ ích,0,other
5,"Cuấn sách khiến mình oà khóc giữa đêm. Quá tuyệt vời. Tài năng của bác Keigo trong cách kể chuyện, liên kết các tình tiết, nhân vật, không gian và thời gian luôn khiến ta đi hết bất ngờ này đến bất ngờ. Xem thêm",0,other
5,"Nói s đây nhỉ, sự kết nối của quá khứ hiện tại và tương lai. Hãy tìm ra cho chính mk còn đường đi. Chăm chỉ nỗ lực hạnh phúc sẽ tới theo cách của riêng mk. Vì chính mk đã chọn. Lúc đọc sách t cảm thấy. Xem thêm",0,other
5,1 cuốn tiểu thuyết giả tưởng tuyệt vời vs những liên kết đầy logic và mạnh mẽ trong cốt truyện. Tác giả đã khéo léo lồng ghép thời gian giữa hiện tại và quá khứ để hé lộ dần những bí ẩn về tiệm tạp hoá. Xem thêm,0,other
5,"Sách mình nhận hơi bị cong bìa phía sau một chút. Chữ in sắc nét, giấy mịn",0,other
5,"nội dung hấp dẫn, lôi cuốn, màu in rõ nét",0,other
5,"Nội dung hấp dẫn. Cách kể chuyện, liên kết các tình tiết, nhân vật, không gian và thời gian luôn khiến ta đi hết bất ngờ này đến bất ngờ khác.",0,other
5,Sách khá dày bìa thiết kế xinh nói chúng mọi thứ đều xuất sắc!,0,other
5,"Một cuốn sách chữa lành, nhẹ nhàng mà sâu sắc, rất đáng để đọc",0,other
5,"Đây là cuốn sách cho tớ rất là nhiều đọc lực, mong là mọi người sẽ đọc được nó và tìm xa kim chỉ nam cho cuộc đời mình",0,other
4,"Nhẹ nhàng, đọc quyển này xong mình kiểu nghĩ ngay đến khung cảnh mình được ngồi cùng ông bà vào buổi đêm ở quê, nghe ông bà kể chuyện ý, dễ chịu, nhẹ nhàng",0,other
5,"Cảm ơn Tiki, mình nhận được sách nhanh, bao bọc cẩn thận. Về nội dung, cá nhân mình cho cuốn sách này 10/10. Đây là cuốn sách rất đáng để đọc, phù hợp với tất cả mộ lứa tuổi. Thông điệp đầy tính nhân văn, sâu sắc và ý nghĩa. Thu gọn",0,other
5,Đọc thử vài trang đầu xem hợp với mình không nhé.,0,other
5,ko có gì chê luon ạ,0,other
5,"Một quyển sách giúp ta hiểu rõ hơn về tâm lý của con người khi đứng trước một ngã rẽ quan trọng của cuộc đời. Trong khi chúng ta đang bị cuốn vào diễn biến của truyện, thì cái kết bất ngờ mang đến một cảm xúc hạnh phúc tuyệt vời. Thu gọn",0,other
5,"thích keigo lắmm, thích cả sách trinh thám và cuốn kỳ ảo này của ông, bìa xinh vl",0,other
5,"Đọc xong cuốn sách mà thấy hối hận, hối hận vì sao mình không đọc tác phẩm này sớm hơn đọc xong mà mê quá luôn",0,other
5,"Cuốn này đọc hút cực kỳ luôn!! Mình đã dành nguyên 3 tiếng buổi tối để hoàn thành nó. Điểm thu hút mình ở cuốn sách này là các nút thắt truyện, tưởng không liên quan mà liên quan không tưởng, rất bất ngờ và thú vị. Mình đọc cuốn này lần đầu tiên là hơn 1 năm trước, lúc đó mình chẳng mấy khi đọc sách, vậy mà có thể đọc xong 1 lèo. Nên quyển sách này rất xứng đáng để thử nha! Thu gọn",0,other
5,rất đam mê & yeu thich,0,other
5,"Mọi thứ đều ổn trừ khoản gói sách, tệ thật sự…",0,other
5,"Nội dung khá là lôi cuốn,hấp dẫn một thế giới kì ảo và huyền bí và hơn hết cả là một cái kết ngọt.",0,other
5,cảm ơn tiki nhiều,0,other
5,"Một câu chuyện hấp dẫn, giọng văn mộc mạc, gần gũi",0,other
5,"Nội dung sách hấp dẫn, ý nghĩa, mọi người nên mua đọc thử 1 lần",0,other
5,"Không phải truyện trinh thám mà là một câu chuyện giản dị, gần gũi, có phần nào đó yếu tố kỳ bí. Đọc xong ngẫm ra được nhiều điều đơn giản trong cuộc sống mà mình bỏ quên. Rất đáng đọc nhé mọi người!",0,other
5,"Xinh, đợi đọc để cảm nhận nỗi buồn",0,other
5,Một tác phẩm tuyệt vời và đầy ý nghĩa,0,other
5,Đã đọc xong một cuốn sách rất nhân văn!,0,other
5,"Rất cuốn, mình đọc 3 lần là xong luôn, đọc đến phần giữa là không thể dứt ra được.",0,other
5,"Nội dung lôi cuốn, các câu truyện được liên kết rất chặt chẽ",0,other
5,"Nội dung thú vị, xem review chi tiết trong hình nha Instagram: For_anie",0,other
5,"Mình mua theo lời giới thiệu của bạn, hy vọng sẽ hợp",0,other
5,Đọc xong cảm thấy mindblown. Nể phục cách tác giả kết nối những mẩu chuyện tưởng chừng không liên quan đến nhau.,0,other
5,Đúng là kì diệu. Thực sự rất ấn tượng,0,other
5,"Một quyển sách nên đọc, sự kỳ diệu của tiệm sách, sự gắn kết vô tình của các nhân vật, đều liên quan đến tiệm sách.",0,other
5,"rất là thíchh, gói hàng rất nà ok lun",0,other
5,Sách k có màn co. Bị cuốn bìa,0,other
5,"khá thích vì size cầm vừa tay, mọi thứ đều vừa đủ nên hài lòng",0,other
5,Đọc cuốn từ lần đầu mở sách,0,other
5,Giọng văn nhẹ nhàng và mình được giới thiệu. Rất hợp gu mình,0,other
5,In ấn sắc nét,0,other
5,"Cách kể chuyện rất lôi cuốn, khiến người đọc cảm thấy bất ngờ",0,other
5,Mình rất hài lòng cảm ơn shop nhé,0,other
5,hơi thất vọng là kh có bọc kĩ từng quyển và còn có nếp nhăn,0,other
5,Gói hàng cẩn thận! Mong chờ vào câu chuyện ạ!,0,other
5,"Sản phẩm tuyệt vời, được nhiều đọc giả biết đến!!",0,other
5,"Lối kể chuyện lồng ghép các mạch thời gian siêu cuốn, huhu thích cực ?",0,other
5,Cực kỳ hài lòng.,0,other
5,Một cuốn sách thú vị và nhẹ nhàng.,0,other
5,Thích đọc sách nên mua thui ^^,0,other
5,"Truyện li kì hấp dẫn, nội dung nhân văn, tích cực",0,other
5,"Nội dung hấp dẫn, rất đáng đọc!",0,other
5,Quyển đầu tiên mình đọc của Higashino Keigo,0,other
5,Tuyệt vời.,0,other
5,"Đọc cuốn dã man í, cuốn sách này mang năng lượng chữa lành rất lớn",0,other
5,"Nội dung dễ đọc, chữa lành, sâu sắc",0,other
5,"Bạn mình khen quyển này lắm, nên mình mua",0,other
5,"Một câu chuyện càng đọc càng bất ngờ, thú vị.",0,other
5,Vẫn là Higashi keigo với giọng văn thấm tận tim và sự khéo kéo tuyệt vời khi đan xen các tình tiết,0,other
5,Tình tiết bất ngờ,0,other
5,"sách nguyên vẹn, dù không có seal",0,other
5,"Nội dung xuất sắc, k còn gì bàn cãi",0,other
5,Sách điệp lắm,0,other
5,keigo bất hủ,0,other
5,"truyện chuẩn gu mình luôn ấy, đọc cuốn dã man",0,other
5,"Câu chuyện hấp dẫn, lôi cuốn",0,other
5,Một cuốn truyện tuyệt vời. Mọi sự kiện và con người đều được kết nối với tiệm tạp hóa Namiya một cách kỳ diệu,0,other
5,"Nội dung cuốn hút và plot twist đỉnh, các sự việc liên quan với nhau đến ko ngờ",0,other
5,In ấn tuyệt vời.,0,other
4,"Mình tính cho 4 sao, cơ mà sau khi đọc sách thấy tuyệt vời nên +1 sao nữa nhen",0,other
5,"nội dung tuyệt vời, mình cứ bị cuốn theo tình tiết hấp dẫn trong truyện",0,other
5,"Sách đến tay mình không bị cong, rất ưng ý. Cuốn này khá dễ đọc, rất recommend cho mng trong mùa dịch này.",0,other
5,"Nội dung hấp dẫn, cách kể chuyện nhẹ nhàng",0,other
5,Sách cầm trên tay rất ưng,0,other
5,Mình rất thích truyện này!!,0,other
5,sao không bao bọc sách vậy?,0,other
5,rất hài lòng ?,0,other
5,mh rất thik các tp của bác keigo,0,other
5,"Đọc xong thấy điều kỳ diệu trong cách sắp xếp của bác Keigo. Nhẹ nhàng, hạnh phúc",0,other
5,Nội dung khá hấp dẫn,0,other
5,"Một cuốn sách về chủ đề du hành thời gian đặc sắc. Lối kể chuyện của tác giả, nút thắt và mở được cài cắm đan xen, dẫn người đọc đi từ bất ngờ này đến bất ngờ khác!",0,other
5,"5 câu chuyện riêng biệt, mỗi câu chuyện là 1 nỗi trăn trở. Điều thú vị là cả 5 câu chuyện đều liên kết với nhau.",0,other
5,"vẫn là cuốn sách mình rất thích, mua tặng quà",0,other
5,Sách được bảo quản kỹ càng,0,other
5,Tuyệt vời. Một cuốn sách phải đọc nhiều lần,0,other
5,Đúng kiểu sách healing luôn ý và đọc xong mình rút ra được nhiều bài học,0,other
5,Quá là ưng,0,other
5,"Một trong những quyển sách khiến mình vừa vui vẻ, vừa ngỡ ngàng và vừa cảm động.",0,other
5,"Luôn bất ngờ với trí tưởng tượng không giới hạn của tác giả. Nên đọc hết Bạch dạ hành, Bí mật của Naoko, Phía sau nghi can X luôn nhe!",0,other
5,1 quyển sách vô cùng đáng mua,0,other
5,Tôi rất hài lòng,0,other
5,thật sự dễ đọc. cách kể chuyện nhẹ nhàng dẫn dắt khéo léo các sự việc và nhân vật đều đc tác giả xâu chuỗi gắn kết một cách rất logic,0,other
5,sách oke lắm nha m.n. Tặng 5*,0,other
5,Đỉnh của đỉnh luôn ạ! Truyện này đã đưa mình đến với tác giả!! Mình vừa đặt mua thêm 1 đống truyện của tác giả huhu,0,other
5,Tác phẩm của bác keigo nên thích :)),0,other
5,Nice đọc quên khái niệm thời gian luôn:)),0,other
5,Đúng là kiệt tác của Keigo nên đọc,0,other
5,"tuyệt vời nha mọi người ơi, hàng gói cx bình thg nhg sách về kh bị nát",0,other
5,Được tặng thêm bao sách,0,other
5,Truyện đọc khá logic và nhẹ nhàng,0,other
5,Hài lòng!,0,other
5,Highly recommend,0,other
5,Cả về hình thức lẫn nội dung đều xuất sắc,0,other
5,"Một cuốn sách thú vị, lôi cuốn, mình đọc liên tục trong vòng 4 tiếng mà không dứt ra được.",0,other
5,Sự liên kết được thể hiện gây đáng ngạc nhiên và nể phục cho ng đọc,0,other
5,Sách đọc rất cuốn ! Cái kết khá bất ngờ !,0,other
5,Sách healing ! Đọc siêu cuốn,0,other
5,Mua lần 3 để tặng bạn rùi. Thích mê!,0,other
5,"5/5 truyện nhẹ nhàng, đủ hấp dẫn.",0,other
5,amazing good job luôn tiki,0,other
5,Đọc xong sách cảm thấy rất ấm áp vì được tiếp thêm niềm tin yêu cuộc sống!,0,other
5,một cuốn sách tuyệt vời,0,other
5,"Mình nghĩ đây là một cuốn sách nhẹ nhàng, cuốn hút và rất nhân văn.",0,other
5,Tuyệt vời. Mua về đọc ngay nhé. Cám in tiki.,0,other
5,100 sao lun,0,other
5,nội dung cuốn hút,0,other
5,Rất đáng để đọc nha mọi người,0,other
5,Mua tặng bạn và siêu hài lòng. Cảm ơn Tiki nhiều,0,other
5,"Một cuốn sách tuyệt vời, mang tính liên kết chặt chẽ. Rất đáng để đọc",0,other
4,Câu chuyện rất lôi cuốn và có tính logic,0,other
5,Nên bọc thêm 1 lớp nữa cả ướt sách,0,other
5,sách gói hơi ẩu mà hên không bị trầy xướt gì nhiều ạ,0,other
5,"Một quyển sách dễ đọc, thú vị, nhẹ nhàng đọc một mạch đến hết",0,other
5,Rất thích truyện bác Keigo,0,other
5,"Ừm, tuyệt",0,other
5,"Must read, and I won’t spoil anything, just read it!",0,other
5,U là trời xinh lắm ạ,0,other
5,quà tặng cr,0,other
5,"Đọc bị cuốn á, có nhiều đoạn rất cảm động",0,other
5,hoàn hảo,0,other
5,Bọc cẩn thận,0,other
5,Rất đáng để mua đọc,0,other
5,cuốn lắm lun,0,other
5,Sách ý nghĩa,0,other
5,cuốn sách này thực sự phải đọc,0,other
5,tuyệt vời,0,other
5,mình thích lắm,0,other
5,mình hài lòng lắm lun,0,other
5,Bánh cuốn lắm các bác ạ.,0,other
5,quả nhiên là Keigo !,0,other
5,Một tác phẩm tuyệt vời!,0,other
5,Sách được gói kĩ,0,other
5,thần kỳ vck,0,other
5,Sách okay k vấn đề gì,0,other
5,huolmvd gị b,0,other
5,Một trong những tác phẩm xuất sắc nhất của tác giả Keigo,0,other
5,Vẫn đang đọc và rất hài lòng,0,other
5,Thú vị,0,other
5,Mình rất thích,0,other
5,cảm ơn Tiki.,0,other
5,nice book,0,other
5,"Rất nhân văn, lý thú",0,other
5,Cuốn sách vô cùng thú vị và đầy bất ngờ,0,other
5,"Lôi cuốn, khiến ta không thể dứt ra khỏi được những con chữ ?",0,other
5,trên cả tiyeetj vời,0,other
5,Một câu chuyện rất rất thú vị và đáng đọc,0,other
5,Ko bọc,0,other
5,Sách khá nhẹ nhàng của tác giả này!,0,other
5,bìa siêu xinh đọc cuốn cực,0,other
5,Tác phẩm đầu tay mình đọc của bác keigo,0,other
5,Đáng để đọc,0,other
5,hài lòng,0,other
5,clg tot,0,other
5,Cực thích,0,other
5,Đây là quyển sách mình thích nhất của Higashino keigo,0,other
5,ờ mây * gút chóp luôn e ơii,0,other
5,sách nhẹ nhàng,0,other
5,thật sự đáng đọc,0,other
5,Tuyệt phẩm nha các bác,0,other
5,Nhạt mà,0,other
5,"Tuyệt phẩm, đọc xong thấy yêu đời hơn hẳn, ;)",0,other
5,10 diem,0,other
5,"Một tác phẩm tuyệt vời, vô cùng đáng đọc.",0,other
5,sách bị lõm 1 ít hơi buồn,0,other
5,truyện rất lôi cuốn,0,other
5,"đóng gói kĩ, sách đẹp, nội dung đọc sơ rất hấp dẫn, mang phong phú",0,other
5,Sách ổn Sách ổn Sách ổn Sách ổn,0,other
5,Đọc khá thấm và có nhiều suy nghĩ,0,other
5,Cuốn sách bí ẩn và rất thú vị!,0,other
5,Khá thú zị. Rất đáng đọc á nha mn,0,other
5,rất ok,0,other
5,Câu chuyện rất ý nghĩa,0,other
5,Truyện nhẹ nhàng mà đầy bất ngờ,0,other
5,Xuất sắc,0,other
5,Hài lòng !,0,other
5,Quá xuất sắc,0,other
3,"bị móp sách rùi, ko có bookmark .",0,other
5,i like it,0,other
2,"Sách bao không ky cho mình bị hở miệng, mong tiki bao kỹ hơn",0,other
1,sách mất trang rất nhiều. Tiki giải quyết giúp mình,0,other
4,Gáy sách lệch,0,other
4,"Cuốn sách là cuộc du hành ngược thời gian trở về quá khứ của 3 chàng trai sau một lần đang trốn chạy sau khi ăn trộm. Câu chuyện được diễn ra tại một tiệm tạp hóa tên là ""Namiya"". Với mình đây là một. Xem thêm",0,other
4,Có nhiều nét bị mờ,0,other
4,Bị bẩn sách mất òi hic,0,other
2,"Giấy thừa, sách bị gập, hơi thất vọng",0,other
4,"rất cảm động và ý nghĩa, cuộc đời là do mỗi người tự quyết định ko ai có thể giúp bạn được, điều họ làm chỉ có thể là đưa lời khuyên còn quyết định thuộc về bạn",0,other
4,"Sách nhẹ nhàng, lời văn tinh tế, cái mình thích ở truyện là những tình tiết lịch sử thú vị được đan xen vào cốt truyện",0,other
4,Hàng về có một vết xước:.(,0,other
4,gói hàng không có tí chống sốc nào luôn á hú hồn may không sao :((,0,other
2,Mong shop gói sách kĩ hơn,0,other
4,Hài lòng ạ,0,other
4,Sách k được bóc nên rách gáy mất rồi,0,other
4,cuốn mình mua bị df một cạnh huhu,0,other
4,kh đc bọc bìa ngoài nên hơi con góc sách,0,other
4,cuốn này nhỏ nên chỉ hơi df nhẹ,0,other
4,Không bao sách nên bìa sách bị cong,0,other
4,bị cong góc,0,other
1,Một cuốn sách Dở hơn sức tưởng tượng. Không đáng 1 sao nữa.,0,other
4,Gói hàng ẩu nên bị móp sách,0,other
1,"Gói hàng quá cẩu thả không hề có bọc chống sốc, sách nhăn hết cả mép sách",0,other
2,"Góc sách bị quăn, trông mất cảm tình hẳn",0,other
4,Cho hai tô bún bò,0,other
3,"Sách không có bìa co, bị cong mép sách",0,other
4,Ok nha . khá ổn nha hjjh,0,other
4,Ko seal hơi móp,0,other
1,sách bị cong và gập ở mép sách,0,other
4,"mình không biết sao sách ko có bookcare nhỉ, mình có mua gói bọc bookcare?",0,other
1,"Tiki không bọc gì, để trong hộp bìa các tông, quá tệ",0,other
4,sách móp góc nên mình khá buồn ?,0,other
4,hơi thất vọng,0,other
1,"Hộp hàng bị ướt, ướt cả sách bên trong",0,other
1,"Lỗi in 6 trang, thất vọng",0,other
4,"Bìa sách bị cong, gấp nếp",0,other
1,sách bị gãy hết. quá bực mình,0,other
4,Nhân văn,0,other
3,sách bị nhăn ở góc.,0,other
4,Hơi nhăn í,0,other
2,"sách nhớp, bị nguyên mảng đen.",0,other
4,nội dung hấp dẫn,0,other
4,"bìa hơi méo một chút, cho 4 sao",0,other
3,bọc sách không cẩn thận khiến gáy sách bị nhăn,0,other
3,"gói hàng cho quyển này ẩu, kh có bọc, sách xước, bẩn, móp mép",0,other
3,sách hơi bụi vs bị trớt bìa 1 tí,0,other
2,"gáy có vết đen bẩn, gáy quăn",0,other
4,sách cong vênh,0,other
1,sách gãy bìa,0,other
4,khá ổn,0,other
5,"Sách bọc nilon bảo quản cẩn thận, không bị gãy góc. Khá dày.",0,other
5,"Mình đánh giá dịch vụ mua hàng trên Tiki: khá nhanh, thuận tiện và còn được khuyến mãi với giá cả phù hợp.",0,other
5,Sách bác Keigo thì khỏi bàn :)),0,other
5,Sách rất hữu ích. Nên đọc,0,other
5,"Một cuốn sách quá tuyệt vời mà bản thân cực kỳ tâm đắc, đọc mà cứ bị cuốn. Quan điểm và góc nhìn của tác giả thực sự quá thuyết phục đáng để đọc và chiêm nghiệm, nó đúng đôi khi với thứ trong cs không chỉ đơn giản về tài chính. Đơn giản dễ đọc dễ hiểu dễ tiếp cận, high recommend Thu gọn",0,other
5,mong là shop sẽ chú ý hơn ở khâu gói hàng!,0,other
5,"Tựa sách nói lên tất cả, bổ ích",0,other
5,5 sao!,0,other
5,"Sách đọc khó hiểu, rút ít bài học từ sách. Vì là bán sách chứ không phải bán nội dung nên mình vẫn cho 5 sao",0,other
5,Mua tặng đừng hỏi gì cả,0,other
5,Cuốn này ai nghèo nên đọc,0,other
5,Hdjjdkdksnsnbsbsbhsjabsv shhavsbals s úbsjskens s xudjsnsn s d d ksjsjs,0,other
5,Đã nhận được sách..Thanks shop,0,other
5,"Cuốn sách đỉnh của đỉnh. Đọc về tâm lý và tài chính mà vô cùng thú dzị, k hề nhàm chán. Nên mua và đọc để có thêm kiến thức về đầu tư và tài chính nha mai fen! ?",0,other
5,"Nội dung hấp dẫn, bổ ích. Nên đọc và thực hành",0,other
5,rất hài lòng về sách,0,other
5,Bdbdudnd. Db djs sjs sjs hd,0,other
5,Rất ok luôn nha,0,other
5,Vẫn là sách cho em gái đông nghiệp Yêu thích kinh tế học,0,other
5,sách đẹp,0,other
5,Sự giàu có là cái mà chúng ta không nhìn thấy được,0,other
5,Nghe đồn đọc xong quyển này sẽ hạnh phúc hihi,0,other
5,Nên mua,0,other
5,"Hữu ích, dễ hiểu. Cảm ơn tác giả đã chia sẻ",0,other
5,Đọc ko nỗi. Muốn đem đi pass,0,other
5,sách bao gói cẩn thận.,0,other
5,"Sách có cái nhìn trung hoà, lập luận nhiều luận cứ và ví dụ từ thực tiễn, đọc xong thấy humble",0,other
5,Sách nội dung bổ ích,0,other
5,Nên biết trước một số thuật ngữ về chứng khoán trước thì khi đọc sẽ dễ hơn,0,other
5,Sách bọc cẩn thận,0,other
5,"this is one of the psychology book that includes all of thing about how we behave with our money to be rich man, i appreciate it",0,other
5,Bìa với bao bì rất chỉnh chu,0,other
5,Này có sách nói trên ytb bạn nào muốn biết nội dung thì có thể lên nghe,0,other
5,Sản phẩm OK nhung ko có tấm chặn,0,other
5,Rất nhiều kiến thức tài chính,0,other
5,Nội dung tuyệt vời. Rất nên đọc!,0,other
5,cuốn sách mà tất cả mọi người đều nên đọc qua ít nhất 1 lần,0,other
5,ổn nha mn,0,other
5,Góp nhặt được một vài lợi ích,0,other
5,Cảm ơn Tiki đã nâng niu cuốn sách của mình,0,other
4,Phân tích sau sát. Nhiều kiến thức cần thiết.,0,other
5,rất thích,0,other
5,Đáng đọc,0,other
5,nice book.,0,other
5,"Nhanh chóng, hài lòng",0,other
4,"Sách đọc rất ok, đúng với snghi của mình",0,other
5,Sách toota,0,other
5,Rất nên đọc,0,other
5,sách rất đáng để bkr thời gian ra để đọc,0,other
5,ngon lành cành đài bà con ơi,0,other
5,quyển này khá,0,other
5,Khá ổn,0,other
5,Cực bổ ích,0,other
5,Dễ đọc,0,other
5,Sách có bìa cứng nữa thì tuyệt,0,other
5,rất hài lòng,0,other
5,nên đọcv,0,other
5,Oke sách đóng gỏi tôt,0,other
5,nên đọc,0,other
5,Mọi người nên đọc,0,other
5,Nhan hang nhanh chong,0,other
5,Nội dung vừa phải cho các nhà đầu tư F0,0,other
5,mua được 2 em này là đỉnh rồi,0,other
5,Không hối hận khi mua,0,other
5,Good to know,0,other
5,Sp ok,0,other
5,Nên đọc,0,other
5,Nội dung khá ổn,0,other
5,bìa dày dặn.chữ rõ nét,0,other
5,Đúng mô tả,0,other
5,Quá là okie luông,0,other
5,xèng về,0,other
5,Sách dễ đọc,0,other
5,Sách đọc ổn,0,other
5,Rất tuyệt vời,0,other
5,1 quyển sách đáng đọc,0,other
5,Ok nha,0,other
5,sách ok,0,other
5,Sách khá thú vị,0,other
5,đỉnh nhé mng,0,other
5,Đọc được,0,other
5,khá hấp dẫn,0,other
5,Rất hữu ích,0,other
5,Tuyet voi,0,other
5,màu giấy hơi đen,0,other
5,ok lắm,0,other
5,cuốn sách đáng để đọc.,0,other
5,5 sao,0,other
5,Oki ạ,0,other
5,Hài lòng 5 sao,0,other
5,ok nha,0,other
5,sách sạch sẽ,0,other
5,Rất ổn,0,other
5,Sách dc đóng cẩn thận,0,other
5,quá tuyệt vời,0,other
5,"giấy vàng nhẹ, ok",0,other
5,Sách để đầu giường@@,0,other
5,cực kỳ hài lòng,0,other
5,Gút chop,0,other
5,Đang đọc.,0,other
3,"Chọn Bookcare là vì mình rất thích gìn giữ sách, mà Tiki chọn ngay cuốn bị rách để gửi cho mình :(",0,other
1,Vote cho 1sao…sjndjidnhsbsjjsbsbnsbs sns hssnsksnsj sjbdis snsknskz sks sksnsnsb dbshsbbabs sjn. Kb nân n,0,other
1,Sách bị móp khó chịu vô cùng,0,other
3,"Sách bị dơ, nhận được hàng thì thấy thùng ở ngoài bị rách luôn",0,other
1,"Bọc sách cực tệ, không thể chấp nhận được",0,other
3,Sách bị lem mực khá nhiều trang,0,other
4,"Sách không được bọc nilong, bìa ngoài bị trầy xước và có vài vết nem bẩn. Hi vọng shop khắc phục tình trạng này",0,other
3,"Sách bị dính trang khá nhiều ở trên đầu, muốn đọc thì bắt buộc phải tách ra trông khá lem nhem",0,other
1,Sách dính các trang vào nhau,0,other
3,"sách ko đc bọc bì cẩn thận, nhìn ko chuyên nghiêp",0,other
4,"Sách hơi khó đọc, có vài điểm đáng chú ý với góc nhìn rộng",0,other
5,"nôi dung tạm ổn, có vài điểm nhấn",0,other
1,"Mua hàng chứ có đi xin đâu mà gói hàng thấy ghê, đặt 10 cuốn thì nhăn nheo hết 8",0,other
4,"Cảng đọc càng lú, có lé không hợp với mình",0,other
5,còn trầy,0,other
3,Sách bị hiện tượng va đập,0,other
4,Một cuốn sách thú vị :),0,other
4,"nội dung dễ hiểu, dẫn chứng từ trải nghiệm của người viết",0,other
4,Về nội dung mình chỉ cho 3/5 thôi . còn về sách thì không có gì để chê,0,other
1,"sách thiếu 16 trang, từ trang 289 đến 304",0,other
3,"Nội dung hữu ích, tuy nhiên sách tài chính mà người dịch không có chuyên môn lắm.",0,other
3,Chán chả buồn nói. Không có tâm gì cả,0,other
4,Đóng hàng cẩn thận hơn nha đi ạ,0,other
1,Nội dung đọc xong không hiểu gì,0,other
5,Sách lỗi trắng trang mất nội dung ko đọc được,0,other
5,"nội dung ổn, dịch chán.",0,other
1,"2 đầu góc sách bị nhăn do gói hàng không kỹ, cực kỳ thất vọng",0,other
4,Sávh khá ổn!,0,other
4,Dễ hiểu,0,other
2,"Sách k được bọc nilon nhỉ, thấy bt quá",0,other
3,Nội dung hữu ích Cuốn sách có khá nhiều lỗi chính tả và nhiều chỗ dịch khá khó hiểu.,0,other
4,Dịch thuật còn cùi lắm.,0,other
1,"sách dịch cực tệ, đọc rất khó hiểu",0,other
2,Không thực sự đặc sắc và có chiều sâu. Đọc tam được,0,other
4,Bìa bị bẩn và sống sách bị gãy ?,0,other
4,Sách bị gãy 1 góc,0,other
2,"đóng hàng sơ sài, sách bị mốp và gãy góc ở nhiều chổ",0,other
1,Ko bọc màng chống sốc nên bị móp ở nhiều chỗ,0,other
4,"Sách viết sơ sài, phân tích không thuyết phục",0,other
4,Hơi khó hiểu đối với mình,0,other
3,bìa xước nhiều quá huhuhuhuhu,0,other
4,Sách bị móp ở góc trên và dưới,0,other
3,nội dung sách được. mình thích nó,0,other
5,hơi khó hiểu so với sách tiếng Anh,0,other
3,sách bị quăn góc.,0,other
3,"k có seal sách, k có bookmark",0,other
4,Sản phẩm ok,0,other
4,"Sách không mang tính học thuật, đọc để biết thêm!",0,other
2,sách bọc k kĩ. bị rách góc và nhăn sách,0,other
5,có vài trang bị in lỗi,0,other
4,7.5/10 điểm,0,other
4,sách ahy,0,other
4,hài lòng về sản phẩm.,0,other
4,sản phẩm ok,0,other
2,Không có gì đặc biệt về sản phẩm,0,other
4,Tuyệt vời !,0,other
4,Ok phết,0,other
1,Phân tích rất khó tiếp thu.,0,other
2,sách viết tương đối khó hiểu,0,other
3,đang đọc.,0,other
5,"Mình đã theo dõi cách ăn uống của chị Jessie Inchauspé trên YouTube từ rất lâu rồi và đã làm theo 10 mẹo để giảm lượng đường trong máu và chống việc bị kháng insulin, kể cả khi mình không bị tiểu đường. Bên cạnh đó, mình chơi thể thao và áp dụng cách này giúp mình giảm mỡ và xây dựng cơ thể của một vận động viên đúng nghĩa. Thu gọn",0,other
5,Kiến thức bổ ích,0,other
5,"Sách có diễn giải cụ thể, dễ hiểu. Đáng đọc.",0,other
5,"sách nhìn sạch sẽ, chữ in rõ nét, bìa thiết kế chỉnh chu",0,other
5,Rất đáng đọc nha các b siêu chữa lành huhu,0,other
5,câu chuyện ý nghĩa. nó đang giúp tôi mỗi ngày,0,other
5,Nội dung rất đáng để đọc nhé,0,other
5,"Nếu bạn đã từng tìm hiểu về Tỉnh thức, về đạo Phật, đã từng tìm hiểu về cái tôi, đã từng bị ""khổ"" mà khó khăn thoát ra, hãy đọc thêm cuốn này nhé. Cảm ơn tác giả rất nhiều.",0,other
5,"Đang lúc chơi vơi thì gặp được cuốn sách của tác giả mình yêu thích. Hào hứng đọc ngay, đọc luôn và order thêm để tặng những ngừoi bạn mà mình yêu mến",0,other
5,Cám ơn Mae,0,other
5,rất ổn không bị bóp méo gì,0,other
5,"Nội dung thực tế, viết dễ hiểu",0,other
5,"Nội dung dễ hiểu, ví dụ thực tế, đáng đọc ạ",0,other
5,Sách gói cẩn thận cảm ơn nhà sách,0,other
4,"Sách bị xước nhiều quá ,hi vọng lần sau shop cẩn thận hơn",0,other
2,Sách dở không đáng để xem,0,other
5,"Giấy ngã vàng dễ đọc, sách dày",0,other
5,"một chiến lược đầu tư tập trung cao độ, nhà đầu tư chỉ mua duy nhất một mã cổ phiếu hoặc chứng khoán vào một thời điểm nào đó. Nhiều người tin vào triết lý, càng nhiều lựa chọn thì càng dễ mắc sai, có. Xem thêm",0,other
5,"Nội dung sách rất bổ ích đối với mình, giúp mình hiểu ra cách để đối mặt và vượt qua những rào cản, trở ngại tinh thần, học cách mạnh mẽ và trưởng thành từ bên trong.",0,other
5,"Đã nhận được sách, rất hài lòng về sự chỉn chu từ TiKi. Biết ơn vì sự chỉn chu này",0,other
5,"Cuốn sách đáng đọc nhất dành cho tất cả mọi người, giúp trưởng thành tinh thần",0,other
5,"Tâm lý học dễ hiểu cho cả người không chuyên để hiểu mình, hiểu đời hơn.",0,other
5,Một quyển sách tuyệt vời về tình yêu,0,other
5,Cuốn sách rất đáng đọc,0,other
5,Một cuốn sách dành cho những bạn học Tâm lý trị liệu.,0,other
5,nội dung sách rất sâu sắc,0,other
5,Nghe review trên Better version nên mua đọc thử,0,other
5,Ò ó o o… chạc chạc chạc,0,other
5,Great book to read,0,other
1,Mình mua gói bookcare mà sao lần này sách ko dc bọc cẩn thận vậy,0,other
5,Tuyệt vời hơn nữa! Khi có quyển sách quý này trong tay mình. Cảm ơn Tiki trading rất nhiều!,0,other
5,Ok. Mua hơi sớm tí.,0,other
5,Mình tìm mua vì trong quyển sách NÓI MỘT CÁCH ĐƠN GIẢN có đề cập đến. Mình tin là sách sẽ có nhiều kiến thức bổ ích.,0,other
5,5 sao nhé sách tuyệt vời lm ạ,0,other
5,rất ổn nha mọi ngưởi,0,other
5,ok tot,0,other
5,"4,5 sao",0,other
5,"Good, well-organized book",0,other
5,Rất tuyệt vời!,0,other
2,"Sách bị gấp, rách, nhăn nheo. Mình khi mua và đọc sách thì giữ rất kĩ nên gặp tình trạng này khá khó chịu",0,other
3,Không biết có phải lỗi sai chứ không,0,other
3,"sách k có bao bọc, còn bị dơ nữa",0,other
1,"Ủa alo, 208 nhảy đến 225 là sao",0,other
3,Sách đọc hơi khá hiểu. K cuốn hút,0,other
4,Nội dung diễn dịch còn một số chỗ mơ hồ và loạn ngữ pháp. Mong sẽ có bản vá để đọc lôi cuốn và đi vào lòng người hơn !,0,other
5,Đây thật sự là cuốn sách mình muốn đọc mà đó giờ ko biết tìm ntn.,0,other
5,sách bị rách mất 2 trang :( nội dung rất hữu ích,0,other
5,Sách rất ok,0,other
5,bọc rất ok sách không bị nhàu,0,other
5,hình ảnh mang tính chất nhận xu. sách sử dụng rất hữu ích,0,other
5,Sách kết hợp với việc vừa xem vừa thực hành khá dễ hiểu .,0,other
5,Khá bổ ích,0,other
5,Đọc dễ hiểu do có hình minh họa,0,other
5,Sách rất nhiều chữ,0,other
5,sách hữu ích,0,other
5,Vượt qua mong đợi,0,other
5,Quá tuyệt vời,0,other
4,sách nhỏ nhắn xinh xắn,0,other
5,Kiến thức rất bổ ích,0,other
5,Nội dung sách bồ ích,0,other
5,thú vị,0,other
5,Sách oke,0,other
3,"Có có túi bọc gì, chỉ có cuốn sách không",0,other
5,"Mình gacha ra cuốn có chữ ký, mình rất vui",0,other
5,"Bao bì chống sốc bên ngoài có hộp đựng, gọn gàng, mình rất ưng ý.",0,other
5,"Minh hoạ ok, kiến thức chắt lọc, sách rất phù hợp cho beginner ah",0,other
1,"Sách nội dung tệ quâ, mọi người cân nhắc khi mua.",0,other
1,Đặt bookcare mà không có,0,other
5,Màu sắc tranh truyện in sắc nét. Không có mùo giấy. Muốn mua hết các bộ mà sợ bé không hợp tác,0,other
5,"Nội dung bố ích, viết dễ hiểu. Cảm ơn tác giả và tiki",0,other
5,Đọc mấy trang đầu thấy khá OK,0,other
5,giúp ích cho tôi,0,other
5,Huu ivh,0,other
3,Đơn tiki nay ko đóng hộp giấy nên bị thủng rách góc sách,0,other
3,nội dung sách hơi bị lan man.,0,other
5,Quyển sách Tư duy phản biện của tác giả Albert Rutherford là một tài liệu hữu ích cho những ai muốn nâng cao khả năng suy luận và phân tích vấn đề. Tác giả đã trình bày rõ ràng các khái niệm cơ bản về. Xem thêm,0,other
5,I love it,0,other
5,"Cuốn sách đưa ra những mẫu nhận thức giúp bạn tham khảo để tư duy 1 vấn đề, 1 vài lời khuyên.",0,other
5,"Nên mua ạ. Chữ rõ ràng, mực không bị nhoè, nội dung bổ ích",0,other
5,"Bạn sẽ mua sách ngay bây giờ hoặc là sẽ không bao giờ mua sách. Mua ngay đi, Đừng nghĩ nữa.",0,other
5,"Sách khá nhỏ, nội dung chi tiết cô đọng không rườm rà, rất đáng để đọc",0,other
5,Tất cả đều ok,0,other
5,sách okela nhé mn. vừa nhận chụp luôn nên mk ko review được nội dung đâu hehe,0,other
5,"Mình rất hài lòng về sản phẩm, rất tuyệt vời, cám ơn shop, cám ơn tiki, sẽ đọc cuốn này",0,other
5,"Nội dung sách dở, mặc dù tiêu đề bìa sách lôi cuốn.",0,other
5,"Nội dung sách dễ hiểu, đọc có thể tiếp thu đc nhiều thứ, rèn luyện tư duy phản biện có hiệu quả",0,other
5,bổ ích,0,other
5,Sách self help giúp tư duy một cách logic tận gốc của vấn đề,0,other
5,Uy tín,0,other
5,Rất bổ ích,0,other
5,Góc nhìn đa chiều,0,other
5,Hài lòng. Sách gói cẩn thận,0,other
5,Sách không có seal =(( May mà hộp không móp méo gì không thì mình khóc chết,0,other
5,"sách hời dàn trải, cần 1 cuốn cầm tay chỉ việc",0,other
5,Vừa đặt hôm qua nay đã có,0,other
5,Nên rèn tư duy,0,other
5,Sách bổ ích nhỏ gọn dễ mang bên mình để đọc những lúc rảnh rỗi,0,other
5,tập đưa những lý thuyết mà sách đưa ra áp dụng vào đời sống thì suy nghĩ của mình được trưởng thành lên 1 bậc đấy mọi người.,0,other
5,Sách đang đọc được 50% Từ ngữ hơi trừu tượng các bác ạ :((,0,other
5,Nhỏ gọn dễ mang theo,0,other
5,Truyện đến tay mình thì có vẻ hơi bị trầy ;-;,0,other
5,Sách tạm ổn. Đọc thấy đầu óc mở mang thêm.,0,other
5,Đọc sách nâng cao trí tuệ nè,0,other
5,Sách bổ ích,0,other
5,Sách được nhma fodngs gói sơ sài quá hazz,0,other
5,"sách mỏng, nội dung tạm ổn",0,other
5,Hàng tất là ok,0,other
5,10 d 10,0,other
5,Good book,0,other
5,"Sách ok, cần thực hành theo nhiều",0,other
5,"sách không bị xước, rách",0,other
5,Trình bày bố cục dễ hiểu. Sách nhỏ gọn dễ mang đi.,0,other
5,bé hơn t nghĩ:)),0,other
5,sách sịn lúm ạ,0,other
5,"Sách mua tặng bạn, bạn mình nhận xét là đọc khá ổn",0,other
5,Mọi người nên mua vì nói nhiều thứ để mình học hỏi,0,other
5,"Sách nhỏ hơn mình tưởng, cơ mà bị thích cách trình bày, ý là nội dung sách",0,other
5,sách có nội dung rất hấp dẫn,0,other
5,Tuyet voi.,0,other
5,đọc xong để ngẫm mk phản biện ntn,0,other
5,"hãy, nên đọc để phát triển tư duy, nhận thức",0,other
5,Cần đọc nhiều lần để hiểu hơn,0,other
5,Rất oke,0,other
5,sách có nội dung về kĩ năng mềm vô cùng cần thiết cho gen Z,0,other
5,Siêu nhanh,0,other
5,"sách self help, đọc tham khảo",0,other
5,Bổ ochs,0,other
5,Chuan sach,0,other
5,sách ok lắm nha mọi người,0,other
5,sách không có màng bọc chống sước,0,other
5,rất đỉnh luôn ạ cảm ơn shop rất nhiều,0,other
5,Ờ dậy đó,0,other
5,sách bọc kĩ kh bị gì hết ạ,0,other
5,rất bổ ích,0,other
5,Sách vừa = 1 gang bàn tay nhé,0,other
5,Mọi thứ ok,0,other
5,khó hiểu lắm,0,other
5,sp tot,0,other
5,Đóng gọi hơi tệ,0,other
5,K có bọc sách bên ngoài,0,other
5,Sách có góc nhìn đa chiều.,0,other
5,нач нач,0,other
5,sach huu ich,0,other
5,hàng chuẩn,0,other
5,rất bổ ích.,0,other
5,Nội dung ok,0,other
5,Sách rất giúp ít cho bản thân,0,other
5,rất biết ơn,0,other
5,học hỏi được nhiều điều từ sách,0,other
5,nên bọc kĩ hơn nha,0,other
4,Cải thiện khả năng tư duy ngôn ngữ,0,other
5,sách tuyệt vời,0,other
5,"sách hơi nhỏ vs mỏng hơn kỳ vọng, đang đọc",0,other
5,"Bọc sách cẩn thận , cảm ơn shop",0,other
5,sách không thực tế lắm. đọc cho biết,0,other
5,"Đã nhận sách, thấy hài lòng",0,other
5,Sản phẩm rất oke nha mọi người.,0,other
5,sách ok nha mn,0,other
5,Mình khá thích cuốn này,0,other
5,vì nó giúp t,0,other
5,Nói chung rất oke,0,other
5,Can doc,0,other
5,Giúp thấu hiểu chính mình,0,other
5,không gấp bìa,0,other
5,ok men,0,other
5,Tạm ổn,0,other
5,quá đã,0,other
5,đã nhận sách,0,other
5,Mãi iu,0,other
5,"thấy chung chung, đọc k hấp dẫn lắm",0,other
5,oke nha,0,other
5,nên mua để đọc,0,other
5,sách chuẩn,0,other
5,đáng đọc,0,other
5,khá ok,0,other
5,Cungz đc,0,other
5,Sách bổ ích nha,0,other
5,Sách chuẩn,0,other
5,Rất đáng đọc,0,other
5,ok nhé shop,0,other
5,Ok la,0,other
5,Nội dung oke,0,other
5,Bìa hơi xước,0,other
5,sách rất bổ ích,0,other
5,ok shop,0,other
5,y bài,0,other
5,Ok good,0,other
5,cực kì hài lòng,0,other
5,10 điểm,0,other
5,ok good,0,other
5,Hàng Ok,0,other
5,rất hài lòng sản phẩm của shop,0,other
5,Rất hài lòng. Cảm ơn tiki,0,other
5,Hàng ok!,0,other
1,Sách bị súc hết keo toàn bộ sách,0,other
4,"nội dung thì có vấn đề gì chỉ là phần câu hỏi cho người đọc để phần giấy nhiều quá, sách đã mỏng rồi còn toàn giấy trắng tính nội dung chả bao nhiêu.",0,other
4,"mở ra mà sốc ngang luôn á trời , sách không bao gì luôn , cứ vậy mà bỏ vô hộp , trầy trụa tùm lum",0,other
3,"Sản phẩm không được bọc kĩ, dính bụi, vết bẩn, bìa sách nhăn ít chỗ",0,other
1,"Gói sách ko cẩn thận, nhận đc sách bị nhăn, xước bìa, bụi bẩn",0,other
4,Thích. Đào sâu tâm lý đa chiều. Rất thú vị,0,other
4,Bìa sách bị nhăn với bị lỗ gì í mình không hài lòng lắm,0,other
1,bị bóc seal :) hơi thất vọng,0,other
4,Sách hơi dơ xíu,0,other
3,nó cứ sao sao í mks nghĩ nó dầy lắm mỏng bé lần mua sách ko ưng lắm,0,other
4,"Nội dung hấp dẫn,",0,other
4,"Sách gói ko được kỹ, ko bọc j cả chỉ cho vào hộp dẫn đến tình trạng gấp mép giấy",0,other
4,vì ko có bao sách nên bìa bị xước ạ TT,0,other
3,Nội dung khá chung chung. Không có nhiều điểm nhấn. Đọc xong trôi toẹt hết.,0,other
5,sách hơi bị sước và còn k được bọc gì ngoài mỗi hộp bên ngoài,0,other
4,"Không bọc chống sốc, sướt bìa",0,other
1,Cấn Trầy Tùm Lum. Cuốn Này Là Cuốn Cuối Cùng,0,other
4,"Sách không bọc, dễ bị móp",0,other
1,Sước hết sách luôn chán:),0,other
3,Sách không đến nổi xuất sắc,0,other
3,"Sách nội dung hơi trừu tượng, chắc giành cho ai thích khoa học nghiên cứu về não bộ",0,other
1,Sách bị thiếu trang ở phần cuối,0,other
3,không gói bọc gì cả cứ vậy bỏ vào hộp làm phần đầu sách bị nhăn.,0,other
4,mặt sách xước,0,other
3,sách hơi khó đọc nhé mọi người,0,other
3,Sách không có ý tưởng gì. Viết kiểu bôi ra chữ cho đủ.,0,other
2,gói k cẩn thận méo quăn hết sách,0,other
4,không có bookcare gì nên sách bị xước với móp,0,other
1,Nội dung sách không giống tiêu đề lắm,0,other
4,trừ 1 sao vì gói hàng không chống sốc,0,other
1,"Nội dung quá ít, ko rõ ràng. Thêm vào quá nhiều trang trắng.",0,other
2,Nội dung sách quá lan man. Rất khác so với tiêu đề. Mình cảm thấy không nên mua nó.,0,other
1,Cửa hàng làm ăn thất tín quá. K tin nổi luôn Á,0,other
3,gói hàng không cẩn thận..,0,other
1,"Sách dở, giấy dổm dễ sợ.?",0,other
4,"Sách k có bọc bên ngoài nên bìa bị trầy xước, may bên trong k sao.",0,other
3,chắc phải đọc rất nhiều lần.,0,other
4,Trừ do dodng gói,0,other
4,Rất ok,0,other
4,sách bị bẩn nha,0,other
3,sách bị xước không dc bọc kỹ,0,other
4,Không có bọc sách còn mọi thứ đều ok,0,other
2,"Nội dung không sâu, hời hợt. Dịch thuật có sạn…",0,other
1,Bìa sách bị xước rất nhiều vết,0,other
4,Sách ko bọc ninong x 4 sao,0,other
4,sách bị xước quá nhìu:(,0,other
3,Sách viết lang man không hiểu được,0,other
3,"Nội dung chung chung, không phân tích sâu",0,other
4,Sách khá là mỏng. Nội dung không đặc sắc lắm.,0,other
3,"sách bị bung , bẩn và ko có bọc bảo vệ",0,other
5,cho 4 sao vì sách bung lề,0,other
3,"bìa sách khá ""bẩn"" đấy nhé",0,other
2,"mép sách bị cong,khi sách về vẫn còn bụi bẩn",0,other
5,:) đọc khó hiểu vaiz :) rối cả não lên,0,other
4,"Sách không có seal bọc, bị bụi bẩn",0,other
3,Nội dung mình thấy lang mang lắm,0,other
5,"nội dung không chi tiết, chung chung",0,other
4,"bìa sách của m bị bẩn, trầy xước.",0,other
3,"hàng đến chậm, chờ rất lâu để nhận đc hàng",0,other
3,"Hài lòng. ,",0,other
3,"Sách ko bọc, nhiều bụi bẩn",0,other
5,Sách khá hữu ít.,0,other
2,"sách đọc hơi khó hiểu, ý chung chung",0,other
5,Không phù hợp với bản thân,0,other
2,"sách trang in đậm, trang in nhạt rất khó đọc.",0,other
2,Hơi khó hiểu quá .,0,other
4,nội dung ko quá xuất sắc,0,other
3,Tạm đc jdjrjrjrjrjrb,0,other
3,Sách bị xước.,0,other
4,Nội dung lang mang. Đọc chán ví dụ xa vời,0,other
4,sách ko bọc nốt,0,other
5,Bọc hàng kh kỹ,0,other
3,sản phẩm ok ?,0,other
4,Góc sách bị lỗi,0,other
4,Sách trầy nhiều,0,other
4,Tuy duy não bộ,0,other
3,nội dung nghèo nàn,0,other
5,Sách không dành cho các bạn nghiện điện thoại :),0,other
2,Không hiểu sau sách bị rách mất một trang,0,other
3,Chán. Đọc ko thấm. Không đầu ko cuối,0,other
4,hài lòng với sản phẩm.hài lòng với sản phẩm,0,other
2,Bị rách 1 trang trong gần bìa.,0,other
5,Học cách học là kỹ năng quan trọng nhất,0,other
4,Một cuốn sách nên đọc !,0,other
4,nội dung sách khá bổ ích và dễ hiểu,0,other
5,"tôi cảm thấy hiểu về bản thân và có cái nhìn dễ chịu hơn về cuộc sống sau khi đọc cuốn sách này. Bây giờ tôi đang trên xe trên đường chở về nhà và viết những dòng này, tôi rất thích quyển sách này và. Xem thêm",0,other
5,Quá xuất sắc. Đáng đọc lắm ạ,0,other
5,Cuốn sách tuyệt vời,0,other
5,Nhìn đã muốn đọc,0,other
5,Mình nhận được sách nhanh và sớm hơn mong đợi. Cảm ơn!,0,other
5,tạo cho tôi một tư duy rất là làm liền,0,other
5,Rất Ok,0,other
5,Cần thiết cho ai cần tối đa hoá hiệu suất làm việc,0,other
5,"Nội dung chính là phân chia mục tiêu năm vào 12 tuần, và tuân thủ",0,other
5,Nếu bạn muốn nhân gấp nhiều lần hiệu xuất công việc hãy chọn bạn ấy,0,other
3,Chả có bị làm sao cả ha ha,0,other
5,"Sách có nội dung cô đọng, rất hữu ích",0,other
5,rất tuyệt,0,other
2,"sách bị lỗi, trang giấy trắng xóa",0,other
1,"Bao bọc không cẩn thận, không hài lòng",0,other
5,Nội dung siêu siêu đỉnh luôn ạ. Khóc hết nước mắt,0,other
5,"Sách mk thích nhất, cảm ơn shop.",0,other
5,Nhà Kim làm sách rất chu đáo,0,other
5,Cho những ai muốn xem kích cỡ nhé. Còn nội dung và review thì các bạn có thể lên goodreads.,0,other
5,Rất tuyệt vời nha,0,other
5,"Chào mừng bạn đến với bảng nhớ tạm của Gboard, bất kỳ văn bản nào bạn sao chép sẽ được lưu tại đây.",0,other
5,Sách tuyệt vời k nói nhiều,0,other
5,câu chuyện lôi cuốn,0,other
5,"Quá ổn, đầy đủ màng co, bookmark, quyển phụ lục. Good",0,other
5,Its touched me,0,other
5,Ôi mình đọc xong mà ray rứt mãi thôi :,0,other
5,ok lắm luôn,0,other
5,Một tác phẩm xuất sắc,0,other
5,Khóc quá trời.,0,other
5,Cực kì thích,0,other
5,à thì ừ,0,other
4,Nội dung truyện ổn chứ không xuất sắc. Cái kết khá trọn vẹn,0,other
2,Cho 2 sao vì vừa bóc hàng đã thấy gáy sách vừa gãy vừa nhăn. Tức.,0,other
4,"Sách hơi lõm một tí, viền sách vêh",0,other
3,thiếu bookmark hơi tiếc,0,other
5,"Đây thực sự là một quyển sách truyền cảm hứng. Phải chăng chúng ta đã lãng phí quá nhiều thời gian trong một cuộc sống đầy đủ mà chúng ta có, trong khi đó Tara đã tận dụng mọi cơ hội để vượt lên số phận. Xem thêm",0,other
5,"Sách dày, in rõ nét. Nội dung nghe review rất đáng đọc",0,other
5,Mua sách tiki vẫn là thích nhất trên các sàn điện tử,0,other
5,"Nghe review cuốn sách này đã lâu, thực sự rất háo hức để đọc nó",0,other
5,Cuốn sách không chỉ cho bạn nhìn nhận khía cạnh của việc tự học mà còn là một sách về gia đình. Có nhiều cảm xúc và sự hi vọng.,0,other
5,Thích ghê,0,other
5,ý nghĩa lắm,0,other
5,"Đọc quyển này ở Epub, mua để lấy động lực học tiếp",0,other
5,Chuyện lôi cuốn!,0,other
5,Thích bìa sách lắm ạa,0,other
5,gh nbanh,0,other
1,"sách bẩn, đổi sách ntn vậy ad ?? mua tiki thì nên kiểm tra sách liền vì chỉ có 7 ngày đổi trả :)",0,other
5,Mình đã đọc cuốn sách này bản pdf. Hôm nay có duyên nên muốn sở hữu cuốn sách thật để đọc và chia sẻ đến người quen dễ dàng hơn! Cảm ơn tiki! Cảm ơn Bizbooks!,0,other
5,The gunman then took a hostage and demanded a plane and safe passage to an unspecified destination. It's the good weather that makes Spain such a popular tourist destination. What guided your choice of destinat Thu gọn,0,other
5,Khá ok hơi xước nhẹ 1 tí,0,other
5,Sách này giúp bạn hiểu rõ hơn tâm lý của đàn ông và phụ nữ. Đặc biệt sự khác nhau trong lời nói và suy nghĩ của họ.,0,other
5,Cuốn sách nên đọc khi mọi người bắt đầu muốn xây dựng mối quan hệ lâu dài với nửa kia của mình,0,other
5,Sách rất tuyết vời,0,other
5,Sách review nhiều mua đọc thêm,0,other
5,Cuốn sách giúp cho bất kỳ ai mở rộng hoàn toàn những góc nhìn bị khuyết của chính mình sau khi đọc.,0,other
5,"Sau 2h đặt đã nhận được hàng, riết rồi cứ toàn mua sách trên Tiki",0,other
5,Ai muốn giải đáp những thắc mắc về lối suy nghĩ khác nhau giữa đàn ông và phụ nữ thì nên đọc quyển này!,0,other
5,Đổi góc nhìn hiểu nửa thế giới. :),0,other
5,"1 cuốn sách rất bổ ích. Giải quyết những vấn đề khó hiểu giữa đàn ông và đàn bà. Sách thơm, sạch. Nên mua ạ.",0,other
5,"Nhận đủ sách, tất cả đều được bookcare đầy đủ, khi kiểm từng cuốn sách về bìa lẫn những trang giấy đều ổn không có vấn đề gì cả!",0,other
5,Một cuốn sách rất nên đọc,0,other
5,Nên mua nhé,0,other
5,Ai có gia đình nên tìm đọc,0,other
5,"sach dep, tiki goi rat can than nen qua trinh van chuyen sach khong co van de gi ve ngoai hinh",0,other
5,"Mình khá hài lòng khi nhận được sách, sách được gói cẩn thận, nội dung khá hấp dẫn",0,other
5,Lần tới vẫn sẽ mua sách trên tiki,0,other
5,"Hihi mình nhận được sách rồi, cảm thấy rất hạnh phúc, cám ơn Tiki!",0,other
5,sách nên đọc,0,other
5,hiểu thêm về đàn ông và đàn bà,0,other
5,"Cuốn này rất nên đọc, biết người biết mình mọi chuyện dễ thở hơn rất nhiều.",0,other
5,Một tác phẩm phân tích tâm lý khác biệt giữa đàn ông và đàn bà một cách chính xác.,0,other
5,Sách hơi bị bong mép bìa dưới,0,other
5,"Sách cầm chắc tay, giấy dày cỡ chữ to dễ nhìn.",0,other
5,"Hiểu hơn về cách suy nghĩ, hành động và sự khác biệt của 2 nửa thế giới, đáng đọc",0,other
5,Khá hài lòng với sản phẩm!,0,other
5,đáng mua,0,other
5,Một cuốn sách đáng để đọc và áp dụng!,0,other
5,Sách rất đáng mua,0,other
5,Ước gì biết cuốn này sớm hơn,0,other
5,Có review ở kênh mình nha,0,other
5,Sách ok gói cẩn thận,0,other
5,Ý nghĩa đặc biệt dành cho các cặp đôi - vợ chồng …,0,other
5,Giấy ok,0,other
5,"Bọc sách cẩn thận, trải nghiệm tuyệt vời!",0,other
5,Cảm ơn Tiki nhiều ạ? nhiều ưu đãi nên thích quá trời??,0,other
5,"Đọc đi mọi người, sách cần thiết cho cả đàn ông và đàn bà!",0,other
5,Sản phẩm ok lắm ạ!,0,other
5,Vẫn đang thẩm thêm,0,other
5,Bồ mình đang đọc,0,other
5,Cuốn sách ý nghĩa để Đàn ông & Đàn bà suy nghĩ rồi cải thiện cuộc sống gia đình,0,other
5,"Ứng dụng luôn và ngay với bạn mình, rõ ràng và hiệu quả, nên đọc nhé các boys :))",0,other
5,Cho bạn cái nhìn về sự khác biệt giữa 2 phái và cách ứng xử,0,other
5,Ok shop,0,other
5,"Quyển sách rất có ích trong đời sống vợ chồng, giúp giảm bớt căng thăng",0,other
5,Rất đáng mua,0,other
5,sách rất bổ ích cho các cặp vợ chồng hoặc các mối quan hệ đang yêu hoặc giữa các bạn bè,0,other
5,"Đã đọc bản điện tử lâu rồi, mua để thêm vào tủ sách.",0,other
5,Tâm lý,0,other
5,Phụ nữ và đàn ông khi yêu và lập gia đình nhất định phải đọc,0,other
5,"sách đẹp lắm, bìa nổi",0,other
5,Một cuốn sách tuyệt vời,0,other
5,Cuốn sách giúp cho hiểu hơn về giới tính kia,0,other
5,good .amazing,0,other
5,sp ok,0,other
5,Mọi thứ vô cùng tuyệt vời ! Cảm ơn tiki,0,other
5,Quyển sách hữu ích cho mọi lứa tuổi. Nhất là cho ai muốn thấu hiểu lòng người và đối nhân xử thế.,0,other
5,phụ nữ muốn hạnh phúc và sống nhẹ nhàng nên đọc,0,other
5,Nội dung rất bổ ích,0,other
5,Người được tặng cần nó,0,other
5,ok ạ,0,other
5,Supper fast delivery,0,other
5,Sach dong goi đep,0,other
5,Sẽ đọc và nhận xét nho,0,other
5,ok nhá,0,other
5,Product okay,0,other
5,Hiểu hơn về tính cách của hai giới tính,0,other
5,Okeela ạ,0,other
5,Ok nhé,0,other
5,khá hài lòng,0,other
5,Ý nghĩa,0,other
5,Quyển sách viết về tâm lí cặp đôi Muốn hiểu ny mình thì đọc nhé,0,other
5,chữ rõ,0,other
5,chuẩn cực kì,0,other
5,"Rất tuyệt cám ơn nhà sách,tôi đã hiểu nhiều hơn cuộc sống!",0,other
5,Sách này nên đọc để có cách cư xử chuẩn mực,0,other
5,Đáng mua ạ,0,other
5,có thể ứng dụng thực tế khi đọc sách,0,other
5,rất bổ ích trong gia đình,0,other
5,"10₫ :""))",0,other
5,Sách đáng đọc.,0,other
5,"Sách rất bổ ích, nên mua",0,other
5,Nội dung khá thú vị,0,other
5,đọc rất cuốn ạ,0,other
5,sản phẩm khá ok,0,other
5,là con gái thì nhất định phải đọc. cực hya,0,other
5,Thật sự đáng đọc. Cám ơn cuốn sách rất nhiều. Mình đã ngộ ra được nhiều điều :),0,other
5,"Cơ bản, xúc tích",0,other
5,Sách mua tặng,0,other
5,quyển sách đáng để đọc để hiểu hơn con người,0,other
5,Cuốn này có vẻ thú vị phết.,0,other
5,Cực kỳ hài lòng vs tiki về sản phẩm và cách giailo hàng,0,other
5,sp ok nhé,0,other
5,sách tâm lý cổ điển càng đọc càng thấm,0,other
5,sách viết rất thú vị,0,other
5,Xuất sắc cả về lượng và chất luôn,0,other
5,Chất lương sách ok,0,other
5,Sách thật đọc rất thích,0,other
5,Quá hài lòng,0,other
5,Rất tuyệt và đáng sở hữu!,0,other
5,"Sách không bị nhàu nát , rất ưng ý ?",0,other
5,"san pham rat tot, dong goi rat dep",0,other
5,Ok đc,0,other
5,rất đáng đọc thử.,0,other
5,Rất tuyệt,0,other
5,hây hây hây hây hây vinahây,0,other
5,Good ?,0,other
5,good book,0,other
1,Thật sự thất vọng về sách. Đây là lần thứ 2 mua sách của tiki gặp lỗi?,0,other
3,"Sách bị gập trang, không biết cắt có mất chữ không đây",0,other
2,"Sách bị thiếu trang, từ trang 64 nhảy lên trang 82",0,other
4,"Sách không thực sự lôi cuốn với tôi lắm. Nội dung đọc có vẻ công thức quá, và có khá nhiều lỗi chính tả",0,other
3,Đây là lần đầu tiên mình thất vọng về vấn đề bọc hàng. sách không được bọc gì mà chỉ chồng lên nhau cho vào cái hộp. làm sách bị móp và đôi vết bẩn. Mong shop khắc phục. Thanks,0,other
3,Sách k được bọc kĩ. Bị xước bìa sách. Giấy hơi nhăn.,0,other
1,Nếu ai yêu sách thì nhìn hình này có xót không cơ chứ,0,other
4,Một góc nhìn khá thú vị về 2 giới,0,other
5,khổ giấy khó đọc. nên làm to hơn,0,other
1,Sách đánh máy sai chính tả quá nhiều,0,other
4,Đã gửi quà cho một người bạn. Sách nói về tính cách rồi cách cư xử của cả hai phái. Nên đọc và ngẫm. Áp dụng cho cả gia đình và ngoài xã hội,0,other
4,Sách giấy hơi mỏng chữ in tiết kiệm sát gáy sách nên rất khó đọc và dễ làm rách sách,0,other
2,vừa mở ra đã thấy trang bìa bị rách,0,other
1,Mua sách để tặng mà nhìn nó thế nào thì hơi buồn :)),0,other
4,"Nội dung cuốn hút, chữ in hơi bé",0,other
2,"Bìa ngoài của sách bị gập rõ, sờn và xước rất nhiều. Lần này tiki làm chán thật sự",0,other
4,Cuốn sách cả vợ và ck nên đọc.,0,other
4,"không hài lòng lắm, mình hơi khó chịu khi thấy có lỗi chính tả trong sách",0,other
5,"Phân tích rõ ràng về suy nghĩ, hành động của 2 phái trong các ví dụ cụ thể.",0,other
4,Cuốn sách ý nghĩa cả phụ nữ và đàn ôn nên đọc để giữ gìn và xd hp của mình,0,other
3,"Sách k đc bọc nilong , làm trầy góc sách , nhìn rất khó chịu , lần này tiki làm mình thất vọng r",0,other
3,Hàng móp méo. Khá Thất vọng.,0,other
4,Không có bookmark,0,other
1,"Sách vừa đọc vài trang đã bung keo, quá chán.",0,other
3,Sai chính tả. Lỗi căn chỉnh. Cẩu thả!,0,other
3,sách đợt này chán quá ? gáy sách toàn bị xước với nhăn thôi,0,other
4,sách ok mà k được gói ghém cẩn thận,0,other
1,ddffgb H lai a nghi can than a week ago I wrote this email is the,0,other
2,Hơi thất vọng vì nhận sách bị gập mép rất nặng đề nghị tiki rút kinh nghiệm,0,other
4,gói sách khá sơ sài làm sách bị móp 1 góc,0,other
4,"Nội dung lúc đầu lặp nhiều, nội dung sau nói rõ ràng hơn. Những ng tìm hiểu về nửa kia,về bản thân và giữ hôn nhân êm ấm nên đọc.",0,other
3,quá nhiều mục giới thiệu ;cám ơn ko cần thiết,0,other
3,Vợ bảo đọc cuốn này khó hiểu :,0,other
4,"Để tìn được nhau đã khó, để đi cùng nhau càng khó hơn",0,other
4,"Đọc khá là khó hiểu,",0,other
4,tạm được,0,other
4,Sách sai chính tả ở vài chỗ,0,other
1,"Sách móp méo các góc, bìa đã phai màu",0,other
4,"sách có ý nghĩa, phân tích đúng với tính cách và suy nghĩ của 2 giới",0,other
4,"chữ in hơi mờ, tạm được",0,other
4,Thiếu miếng đánh dấu sách,0,other
3,"Gãy bìa ,",0,other
4,có ích nha mọi người. e mua rồi,0,other
4,Bìa sách hơi dơ,0,other
3,ko lôi cuống cho lắm . khá nhanh chán,0,other
4,khá thú vị,0,other
5,Sách của nhã nam không có gì để chê. Mua bộ này còn được tặng thêm 1 cuốn sach,0,other
5,đpẹ hazz dxjfrcixirxkrkrzkxrjctjcekrkcitvktcktckdkrcktcktCJtjcỹkcktcktcjtncxrJCtộcrốctkxrkcjrcjrcjycjtxkrckkct,0,other
5,"Cuốn sách khá ngắn, có thể đọc hết trong 1 lần đọc. Khi đọc những trang đầu mình không hào hứng lắm vì câu chuyện kể về sự nghèo khổ của gia đình cậu bé Zezé. Bắt đầu phần sau của câu chuyện, tác giả. Xem thêm",0,other
5,"Đã nhận được hàng,cục sạc nặng, cứng cáp,sạc nhanh,hài lòng với sản phẩm",2,other
5,"Thiết bị nhỏ gọn nằm vừa trong lòng bàn tay, đọc sách rất thích. Khi mua hàng ở đây còn có kèm thêm bao da chính hãng của Amazon.",2,other
5,sách rất ok nhé,2,other
5,"Máy pin cực trâu, cảm ứng mượt lắm nha",2,other
5,Hàng chuẩn nha mn oi nên mua ạ vì e kua tặng hihi,2,other
5,Đọc sách rất ổn áp,2,other
5,Hàng nguyên seal có sẵn bao zin luôn. Chất ghê,2,other
5,Rất tiện lợi cho người thích đọc sách!,2,other
4,"hàng chuẩn, chạy đc hơi nặng",2,other
5,Ok Good,2,other
5,Khi lấy khe cắm sim ra thì ko lắp vừa sim. Máy chạy ổn,2,other
5,"Ok,xài các tác vụ cơ bản rất mượt.",2,other
5,Ok lắm đó,2,other
1,Sản phẩm lỗi. Màn hình cảm ứng bị giật giật ko thao tác được,2,other
2,"Vỏ kim loại trơn, khó rút.",4,other
1,Không sử dụng được . Không xài được,4,other
5,"màu rất xinh, âm thanh to và rõ, mn nên mua ạ",4,other
5,Đã mua cảm thấy ưng ý,4,other
5,"ngoại hình gọn, sang, âm thanh ổn, pin ok",4,other
5,san phamthiet kê đep xinh xan chat lg âm thanh tot phuc vu nhiet tinh minh đanh gia 5sao,4,other
5,"Kết nối dễ, âm.thanh khá ok nha",4,other
5,"Loa chất, nhìn sang, bao phê, nói chung là ưng ý với em này. nên mua nhé mn",4,other
5,10 điểm ko cần nói nhiều,4,other
5,SP rất ok,4,other
5,Oinr áp,4,other
5,"nghe rất ok, nên mua",4,other
5,rat hai long,4,other
5,san pham tot,4,other
5,sp ok nha,4,other
5,Chính hãng,4,other
4,"loa nhỏ gọn, âm thanh to rõ, bass ko nghe đc đã cho lắm",4,other
1,Máy nghe có tiếng rè rè..liên hệ shop hơn 2 tuần k thấy trả lời gì hết,4,other
3,"Cùng 1 nhà bán mà bên sp bán có 280, bên này bán đến 400, loa chỉ nghe được 1 số loại. có loại nhạc của Hoài Lâm nghe bị rè. Thất vọng",4,other
1,quảng cáo thì to lớn … mua xong thì nghe nhỏ xíu hà … 1 sao thôi …,4,other
4,Khá ok,4,other
1,Loa âm lượng quá bé. Bé hơn cả điện thoại.,4,other
3,Nhận đc hàng mà chờ hoá đơn vat chả có. Ntin shop k rep,4,other
3,"Có vấn đề về kết nối, khi chuyển ứng dụng phát loa sẽ bị lỗi",4,other
2,"Không kết nối được bluetooth, âm thanh nghe tạm được",4,other
3,"Loa không có blue tooth, âm thanh nhỏ",4,other
4,tạm ổn,4,other
4,Loa nghe được trong tầm giad,4,other
4,Nghe dc.,4,other
3,Không kết nối bluetooth,4,other
4,Rất hài lòng shop nhe,4,other
5,Hải lòng,5,other
5,"Chả là đang làm việc chuột lag quá lag, đặt ngay 2h con này. Ui cha trời ạ. Nó đúng là style silent plus, êm ru bà rù. Ah mà nhìu bạn nghĩ nó phải có đèn, đây ko phải chuột quang nhen mấy bạn, ko đèn mà xài êm ru luôn đó, đỡ hao pin Thu gọn",4,other
5,"Êm, click chuột ko nghe tiếng, màu xinh xắn nữa. Hài lòng",4,other
5,"Chuột nhạy, nhẹ, OK",4,other
5,"bấm êm, đúng là silent touch",4,other
5,"Ổn áp, mượt",4,other
5,"Di chuột đã tay, mượt. Bấm không ra tiếng nên rất dễ tập trung làm việc.",4,other
5,10 điểm mua hàng tại tiki,4,other
5,"Chuột nhỏ xinh hợp với tay nhỏ, mượt, tiếng êm",4,other
5,"Di chuột mượt, êm, nhẹ. Cảm ơn shop, cảm ơn tiki nhé!",4,other
5,"Chuột ko gây tiếng ồn, nhạy và mượt lắm nha.",4,other
5,"Di chuột mượt, không ồn màu xinh quá trời",4,other
5,"Chuột rất êm, mà hơi bé phù hợp với bạn nữ tay nhỏ",4,other
5,"Êm, nhẹ. Hơi to so tới tay mình",4,other
5,"Chim ưng, ảnh mang tính chất nhận xu",4,other
5,"Êm, hong có tiếng click click, tui rất hài lòng!",4,other
5,"Màu xinh, không tiếng ồn, trơn",4,other
5,Kiểu dáng dệp chuột nhạy êm,4,other
5,Hàng xài mượt,4,other
5,"Chuột rất mượt, êm",4,other
5,"Kiểu dáng cho tay nhỏ, phím bấm êm",4,other
5,"Màu rất xinh, chuột mượt mà",4,other
5,"Nhẹ êm, màu hồng xinh",4,other
5,"sử dụng ok, nhẹ, nhỏ, gọn",4,other
5,"Bấm êm nhẹ, màu xinh, chuột nhạy.",4,other
5,Ngon mượt,4,other
5,Tuyệt oke,4,other
5,"Chuột bấm nhẹ, rất ưng ý mình.",4,other
5,"Phim bam em nhe, di chuot muot, mau sac dep",4,other
5,Quá tuyệt màu xinh chuột êm k tiếng động,4,other
5,chuột xin xò đúng silent lun nà,4,other
5,"chuột nhạy, êm, không có tiếng ồn nhé",4,other
5,Bấm êm,4,other
5,Sản phẩm oke,4,other
5,Chuột êm,4,other
4,"màu xinh, bấm êm ru à",4,other
4,Chuột xài ok nha. Xài không bị ồn. Cơ mà bật on mà không thấy đèn sáng gì hết.,4,other
5,"sản phẩm chính hãng, rất yên tâm khi mua",3,other
5,loại nay khi nao có hàng lai vây shop? con sắp hết sữa rồi huhu,3,other
5,chính hãng ạ,3,other
5,Mùi vị thơm,3,other
5,Sữa Frisolac Gold 2 giúp bé nhà mình dễ tiêu hoá hơn và bớt tình trạng táo bón,3,other
5,Sản phẫm chính hãng hàng mời,3,other
5,re ma con chat luong nua,3,other
5,"Sữa thơm, béo béo, mùi hấp dẫn vị ngọt",3,other
5,Dong goi can than,3,other
5,hiao hàng nhanh,3,other
5,chuẩn sữa,3,other
5,Sữa ok ok,3,other
5,Mua nhiều lần sp date xa,3,other
5,Sữa k bị móp,3,other
5,Hàng chat luong,3,other
5,diem 10 cho chat luong,3,other
5,sản phẩm tốt,3,other
5,con tôi hợp với loại sữa friso,3,other
5,Rất hài lòng!,3,other
5,Sp chính hãng,3,other
5,* hơi móp méo,3,other
5,Hàng chuẩn chỉnh các bạn ạ,3,other
5,Chaats lượng Ok,3,other
5,Date 2023 ok.,3,other
4,Móp méo cỡ này,3,other
1,"Gói hàng sơ sài, chỉ bỏ hai * sữa vào thùng giấy, rồi 1 lớp giấy để lên trên là xong! Kết quả móp hết hai * sữa, phù lên luôn. Chat hỏi thì không ai trả lời! Chán kinh khủng",3,other
1,* sữa móp nhìn mất thẩm mĩ,3,other
4,"Mua 3 hộp, 1 hộp bị móp",3,other
3,Móp . Nên rút kinh nghiệm,3,other
5,Shop ơi mh muon mua them 2 cái Liên he giup mh nha,5,other
5,"Xay thịt rất ok nha,nên mua nha",5,other
5,Oke lắm ạ,5,other
5,Xay êm và nhanh,5,other
5,"Nồi rộng, dễ dàng thao tác",5,other
5,nên mua,5,other
5,Xài ổn,5,other
5,Bé bé xinh xinh phù hợp nhà ít người,5,other
5,Nồi rất ok nhé mọi người,5,other
5,Nồi nấu cơm rất tiện,5,other
5,"Nấu nhanh mềm, dễ sử dụng có điều hơi nhỏ.",5,other
5,Fjucbnvc n,5,other
5,Like like like,5,other
4,Nồi dễ xước chống dính,5,other
4,Chờ thời gian,5,other
4,Hài lòng với sản phẩm,7,other
5,Vừa đep vừa êm,7,other
5,Phù hợp,7,other
3,"Mềm quá, gối mỏng, tựa lưng khó cố định",7,other
5,good :v,7,other
5,Ổn áp. good,7,other
5,Tiện lợi với nhu cầu thanh toán.,7,other
3,"ko nhận biết đc xe của khách, để khách chờ suốt 3h trong khi xe đã làm xong từ trước",7,other
5,"THẤM HÚT GIẦU HIỆU QUẢ, DỄ DÀNG SỬ DỤNG",6,other
5,Tẩy trang sạch không gây kích ứng,6,other
5,Ko mùi,6,other
5,Xài rất ok,6,other
5,xài ok,6,other
5,khá là okk đo,6,other
5,"San pham min & dai, tien loi khi su dung. Giup lam sach da & ko lam troi lop trang diem",6,other
5,Sp rất ok,6,other
5,giấy thấm dầu acness.,6,other
5,rất rất hài lòng về sp này.!,6,other
2,"Khó lấy, quá mỏng sd không êm",6,other
4,tạm đc,6,other
3,Tạm ổn.,6,other
3,Tam duoc. Phai xai tu 2-3 to mot lan,6,other
5,sp rất ok,8,other
1,"Vải nóng và bí, nilon thô",8,other
5,quá ưng luôn,8,other
3,"Vải thô cứng, dày và mặc khá nóng, chắc hợp với thời tiết mùa đông",8,other
4,Aida chất vải mặc hơi nóng,8,other
4,Sp cung ok,8,other
5,Ok quà tặng tuyệt vời cho bạn,8,other
5,"Ok, xai không bị đau tai",4,other
5,Tai nghe âm thânh ok,4,other
5,Nghe âm thanh rất sướng và phê,4,other
5,Ấm nghe lâu ok,4,other
5,Tai nghe nghe rất mượt,4,other
5,Tai nghe khá ổn nghe lâu thì hơi nên đổi sang núm mềm,4,other
5,Hàng ok đấy,4,other
5,Tai nghe xài ok,4,other
5,rất ổn,4,other
5,Hai long,4,other
5,Chống ồn tệ,4,other
5,Âm thanh cực êm nha mấy bồ,4,other
5,Nghe phê lòi,4,other
5,Nghe ổn,4,other
5,Tai nghe bay,4,other
5,"Sản phẩm ổn, bass đầm",4,other
5,"Sản phẩm xài ok lắm, mọi người nên mua nhé",4,other
5,"Nghe thích, dễ chịu",4,other
5,"Đập ù hết tai, nghe sướng",4,other
5,"tai nghe ổn, chống mất cắp",4,other
5,tai nghe sử dụng ổn!,4,other
5,mình sài thấy khá ổn,4,other
5,lâu lâu bị giật,4,other
5,nghe thích lắm luôn,4,other
5,rất ưng ý,4,other
5,ok nghe rât ok,4,other
5,Dây nhỏ.,4,other
5,Nghe êm tai,4,other
5,ok nghe ổn,4,other
5,nghe ổn phết,4,other
5,Sản phẩm Oke. Bass hơi to,4,other
5,tai nghe ok lắm mn ạ,4,other
5,tai nghe nhạc rất thích,4,other
5,nghe tốt,4,other
5,Rất tuyệt ạ.,4,other
4,"Tai nghe nhỏ, gọn, dễ cho hộp và đeo ko bị đau tai khi nằm. Hơi thiên về bass, nhịp khá đập, phù hợp với nghe nhạc nổi.",4,other
1,"Chê nha , dây lỏng lẻo nghe nhạc chán dã man thua tai nghe 50k nữa :)",4,other
4,Âm thanh bị nặng cứ ảo ảo nghe khá choáng,4,other
1,bị lỗi nhảy bài hát lung tung khi cắm vào điện thoại và để điện thoại vào túi quần. thử loại tai nghe khác thì không bị gì.,4,other
1,"Sản phẩm mua lần 1 sử dụng ok dã man, mua lần 2 xài tệ ghê nơi.",4,other
1,"1 tai nghe rõ, 1 tay bị lỗi rè rè k nghe rõ dc. !",4,other
1,"Đầu dây lỗi, cắm vào máy tính lúc nhận lúc không. Màu nhạt hơn trong ảnh nhiều.",4,other
4,San phẩm ổn,4,other
4,"Sử dụng không quen, nói người khác không nghe được hichic",4,other
2,"Tai nghe vừa nhận đã bị rè mất tai bên phải, nghe rất khó chịu.",4,other
4,Hàng ok,4,other
3,"Tai nghe ko tương thích với IP, cắm vào nghe rất rè ko rõ",4,other
4,"sản phẩm ổn định, nghe rõ nhạc",4,other
4,"Tạm ổn, dây hơi nhỏ.",4,other
3,1 bên nghe lớn 1 bên nghe nhỏ,4,other
1,tiếng nghe bên to bên nhỏ. nhiều khi không nghe được,4,other
4,Tai bên trái nghe ko rõ bằng tai bên phải,4,other
4,nghe được,4,other
1,dây dễ bị đứt nên đừng mua,4,other
4,"nghe rè, k ổn lamw",4,other
4,nói chung là ổn,4,other
4,Bị rè rè chỗ mic ạ?,4,other
2,hàng ko đúng nhu quảng cáo,4,other
5,"đúng mô tả, sp ok",10,other
5,Xài okie lắm nha,10,other
4,San pham dung tot lam,10,other
5,chất thun mè dày oke,10,other
4,Ok tạm ổn,10,other
5,áo chật quá. cho mình xin đổi size,10,other
4,không có size để lựa chọn nên áo mặc không được thoải mái lắm,11,other
4,hang ok,11,other
5,Đáng mua,11,other
2,"Áo giặt ra màu , ko nên giặt ching vs đồ khác :(",11,other
5,sp rất là phù với tôi,11,other
5,dẹp hơi mỏng,11,other
5,hàng ok lắm nha,11,other
5,sản phẩm mặc đi chơi và du lịch ọ,11,other
5,ok với sản phẩm,11,other
5,Gút Chóp :v,11,other
5,quan dep dung nhu hinh quan cao,11,other
5,"vải rất mát, 57kg mặc size L rất vừa, rất hài lòng",11,other
5,viền phía sau quần không được ôm lắm,11,other
5,Ok đó,11,other
5,Mặc thoải mái khá ưng,11,other
5,nen mua mn oi,11,other
5,Ìe týb,11,other
5,tot nhu hinh. ok,11,other
5,chất liệu ok,11,other
5,tạm được.,11,other
5,hàng rất ok,11,other
1,mình đặt size XXL mà s shop toàn gửi mình size S vậy. Mặc k vừa,11,other
3,Bận nó nhanh dản quá đi mất,11,other
3,Ok mình nhận rồi nhé Hàng ok lắm,11,other
3,binh thuong trong tam gia,11,other
5,"thought-provoking, best fit you just went through sth bad",12,other
5,Thoáng mát,11,other
5,Quần mặc rất mát,11,other
5,"Shop thân thiện, màu ngẫu nhiên kho được chọn 4,5/ 5*. sẽ ủng hộ tiếp",11,other
5,mặc ổn.,11,other
5,"Màu hơi khác so với ảnh, chất quần mặc rất thoải mái, Mát. ok",11,other
5,Good !,11,other
5,"chất vải mát- màu tạm ổn, nhìn chung hài lòng..,",11,other
5,"Rat thich. Chat lieu vao men, thoang",11,other
5,"Quần mặc mát, size vừa vặn",11,other
5,Rất vừa lòng,11,other
1,"Hàng Mấy 10, khổng phải của shop. Mỏng",11,other
4,vải mỏng,11,other
4,rất ưng,11,other
5,Cute bookmark,12,other
3,"Book papers are not good, easily teared",12,other
5,"Mua chung với bánh biscotti vị nguyên cám 100g và bánh gạo lứt vị huyết rồng (170g) shop đóng hàng tuyệt vời, có chống va đập. Điểm cộng cho sự tinh tế là tặng kèm sản phẩm 1 kẹp gỗ để bảo quản bánh gạo, 10đ. Thu gọn",9,other
5,"Bao bì đơn giản, bún chế biến dễ, ăn ngon. Mình mua cả 2 loại gạo lứt đen và huyết rồng ăn thử.",9,other
5,Bún gạo lứt ăn kiêng giảm cân thực dưỡng ăn nhanh ăn liền bún lứt huyết rồng 500g Mua ngay ok la,9,other
5,Bún mềm ngon. Chỉ có cái trụng hơi lâu xí. Về cơ bản mình cảm thấy hài lòng. Tiện lợi,9,other
5,"đủ số lượng, ngon thì m sẽ mua tiếp",9,other
5,"Bún gạo lứt ăn ngon, dai không bị bở, ngâm nước và nấu hơi lâu.",9,other
5,"Bún ngon, dai, khô nên nấu nở rất nhiều",9,other
5,Mua bún gạo lứt đen dc tặng bánh tráng. Bún rất ngon,9,other
5,rất ngon và vừa miệng,9,other
5,tạm được.,9,other
5,Bún ngon lắm,9,other
5,Ngon nha,9,other
5,"Sợi bún đậu, ko bị bở",9,other
5,Cái này ngon lắm ạ,9,other
5,Nói chung là hài lòng nhe quý dị ?,9,other
5,Dễ ăn,9,other
5,"ăn ngon,ổn sẽ mua ủng hộ tiếp",9,other
5,bún ngon,9,other
5,nấu sợi dai rất ngon,9,other
5,"Ăn ngon, dai.",9,other
5,Sf ổn,9,other
5,rất ngon lun,9,other
5,"Bún dễ ăn , ngon , hợp khẩu vị mình",9,other
5,"hàng ăn ngon, OK",9,other
5,Bún rất ngon. Sẽ ủng hộ tiếp sau khi mình ăn hết,9,other
5,Rất ngon,9,other
5,bún rất ngon,9,other
5,Ăn rất ngon,9,other
5,Bánh ăn ngon,9,other
5,Ok lắm nha,9,other
5,Bún ăn ngon,9,other
5,ăn ngon,9,other
5,"Bún ăn ngon, dai",9,other
5,"Ngon lém, bún k bị nở sau khi luộc",9,other
5,Bún dai & ngon. Ủng hộ GU.,9,other
5,rất ngon,9,other
5,Ok ngon,9,other
5,Thích hợp để ăn kiêng,9,other
5,Dai và lành mạnh,9,other
5,sản phẩm ok nhé,9,other
5,Ăn rất ngon!,9,other
5,Ngon nhé,9,other
5,ngon lắm,9,other
4,Bún sợi dai ngon,9,other
1,"So với Be thì k bằng,Be số 1",9,other
5,"nấu lâu, bún dai, ngon",9,other
3,ăn hơi có mùi hôi của dán,9,other
4,"bún ăn ngon lắm,",9,other
5,good nak,13,other
5,Super quality and awesome price!,13,other
5,"Ngon màu sắc ổn, ace làm mmo có thể mua",13,other
1,Tốc độ tạm được ok,13,other
5,dép đi nhẹ và bền đẹp.,14,other
5,Dép nhẹ. Mang êm,14,other
4,"Dép nhẹ, mang êm",14,other
5,"Dép nhẹ, đi êm",14,other
5,hài lòng với sản phẩm,14,other
5,uy tín,14,other
4,"làm ơn cho xin hoá đơn VAT theo thông tin đã cung cấp trong đơn mua hàng, xin cảm ơn",15,other
5,"quá vừa vặn, dép da rất mềm, khâu rất tỉ mỉ, đi êm chân.",14,other
5,Dep dep. Cug ok,14,other
5,Dép mang êm.,14,other
5,"Cám ơn và chúc mừng Tiki vi tôi nhận thấy quý vị rất trân trọng chữ TÍN. Bởi vậy, không có lý do nào để tôi có thể từ chối nhấn năm sao.",14,other
5,Hàng chuẩn,14,other
5,mang rất êm chân,14,other
4,"2 chiếc độ rộng không đều . Chiếc rộng , chiếc hẹp.1 chiếc bó chân quá",14,other
2,đế dép quá dầy và nặng quá,14,other
4,đế đi êm,14,other
4,dép rất đẹp.,14,other
5,Mọi thứ đều on,16,other
5,"Minh di size 39 rong, shop co the doi cho minh size 38 duoc khong? Cam on shop",16,other
5,Dep êm. Vua văn nhe,16,other
1,ko nên nói là đi đc trong nhà tắm nhé đi tring nhà tắm rất trơn và nguy hiểm chỉ đi trong nhà thì đc,16,other
5,Cứng cáp. Dễ xoay TV. Đinh với khung treo cứng cáp. Khoan tường bê tông lỗ 10. Tự làm phải cần 2 ng.,15,other
5,"chuẩn, 5 star",15,other
5,Sản phẩm xuất sắc,15,other
5,Phù hợp với tivi 55 inch,15,other
5,"OK, đừng chắc lắm",15,other
5,Tiện lợi góc xoay,15,other
5,"Giày vừa chân, mang êm nha cả nhà",16,other
5,Hàng ok Nói chung khá hài lòng,16,other
5,"size đúng, da mềm, đi rất thích",16,other
5,giày mang êm chân,16,other
5,Oke ike,16,other
5,Giày rất mềm.,16,other
2,Hinh ảnh trên tiki giay cao 3f sao shop gao giay 1f shop oi,16,other
4,mũi giày đi bị đen chân,16,other
4,Rất hài lòng,16,other
3,Giày mềm zôm và hạnh phúc c em nhé các chị,16,other
4,giày đi lâu vẫn đau chân,16,other
4,Moi xài thấy OK không biết có bên không cho 4sao,17,other
5,Sao em gắn dc nhỉ,17,other
5,"Hàng chuẩn, lắp cho camera ezviz vừa chuẩn.",17,other
5,tot hjhjhjhjhj,17,other
5,ok rat tot,17,other
5,Ok giá rẻ hàng đẹp,18,other
5,Hoài lòng,18,other
1,"Này ngoài chợ 15k 2 đôi, trùm lên đầu đi cướp ngân hàng còn thấy đường.",18,other
2,Sản phẩm mỏng hơn đăng trên shop,18,other
2,"Quá mỏng…,….",18,other
5,Đã nhận được hàng shop làm ăn uy tín.Chấm shop 5 sao.,18,other
5,san pham dinh duong tuyet voi,19,other
5,"xuất sắc, áp chảo ăn vị rất vừa miệng",19,other
5,rất ngon nè,19,other
5,Rất là ngon!,19,other
5,ngon nhức nách,19,other
5,"rất là ngon nha, like",19,other
5,Ngon tươi,19,other
2,Quảng cáo sản phẩm 2*gr. Thực tế cân chỉ 180gr,19,other
5,"mình thấy k ngon, mùi khó chịu",19,other
5,Sản phẩm tốt. Rất hài lòng. Mình mới làm gãy 1 bên gọng buồn quá à,18,other
5,tôi rất hài lòng với sản phẩm TiKi,18,other
5,"Mắt kính nhỏ, gọn.",18,other
5,Kinh đep,18,other
5,ok á,18,other
5,kính trẻ em.,18,other
5,Rất hài long,18,other
3,"Kình hơi bé, không có gì chứng minh là kính Hàn quốc in trên kính.",18,other
4,Ảnh mang tc mh,18,other
1,kính giả. mọi người không nên mua,18,other
2,Hàng không hài lòng nhỏ xíu,18,other
2,Kính khác xa so với ảnh tệ,18,other
2,"gọng cứng, mắt kính bằng nhựa cứng, dễ gãy vỡ.",18,other
1,Kính hơi nhỏ ko vui lắm hix,18,other
1,Kính rất bé so với quãng cáo,18,other
1,Kính bé so với hình quãng cáo,18,other
3,vẫn sp này đồng nghiệp tôi mua có 50k,18,other
4,Sản phẩm Ok,18,other
3,Cung tam duoc thoi à hihi,18,other
4,ko gi,18,other
5,Sản phẩm có mùi thơm nhẹ. Bạn mình ưng lắm,20,other
5,"Vòng trầm có thơm nhẹ , sẽ ủng hộ shop nữa",20,other
5,"Thơm mùi trầm , ưng bụng lắm",20,other
5,Ưng ý với sp của shop.,20,other
5,rất ok luôn nha mọi người Dán r thoa tý nước hình đa dạng,18,other
5,xúc ki thik,18,other
5,Xinh lắm luôn!,18,other
5,Hàng y hình,18,other
5,Hình giữ được lâu màu sắc in rõ ràng??,18,other
5,độ bám dính ko cao,18,other
5,rat tot,18,other
5,hinh cung dep dung mau rat ok sau nay se ung ho shop,18,other
5,nhieu hinh. dep phu hop tre em va ca nguoi *.. .,18,other
4,"Được , hình nhỏ",18,other
4,Học sinh rất thích,18,other
2,"Dán không cẩn thận là tróc, dán được không tới 2 ngày là bay",18,other
2,"Dán kg cẩn thận là tróc, dán được kg tới 2 ngày là bay",18,other
4,Hình dán dễ bị tróc khi bị dính nước.,18,other
3,"Mua về cho mấy đứa nhỏ dan chơi, nhìn rất thú vị.. ?",18,other
1,Khong hinh nao duoc toan hinh tao lao khong nen mua,18,other
1,"Ko dán được, keo dỏm quá, ko ăn vô da! Chán!",18,other
5,chất lượng hình giảm nhẹ,18,other
4,thiếu rất nhiều,18,other
4,thiếu 1 số hình,18,other
5,keo mau tróc,18,other
5,"đúng mô tả, đúng hẹn",21,other
5,sản phẩm giống mô tả,20,other
5,Rất ưng ý,20,other
5,Ok phù hợp,20,other
5,Dây tương đối dễ xỏ.,20,other
1,Toàn * đảo. Không thể tin được,22,other
5,Tuyệt vời luôn,21,other
5,muốn đổi size nhỏ hơn đc k shop,21,other
5,Sản phẩm ok nhé! Cảm ơn shop rất nhiều,21,other
5,good job,21,other
1,Bán hàng không kiểm tra sản phẩm,21,other
5,"Phiếu quà tặng thích hợp là món quà dành tặng người thân, bạn bè. Sau khi thanh toán thì người nhận sẽ nhận được voucher ngay.",22,other
5,"Nhanh, tiện",22,other
5,Nhanh gọn tiện lợi,22,other
4,tiện lợi,22,other
1,thất vọng vô cùng khi nhận sản phẩm túi xách không phải da thật loại cao xu gì rất mỏng quảng cáo da thật mà chẳng giống tí nào mất lòng tin,23,other
1,túi méo mó quá ko vuông vắn,23,other
5,truonhwf giống truong truong truong dụng,23,other
5,okokok.xinh quá ah.mãi iu,23,other
3,sản phẩm tạm ổn,23,other
3,"Không có xuất hóa đơn tài chính, bất tiện cho các công ty khi có nhu cầu mua làm quà tặng.",22,other
3,mua nhầm muốn hủy đơn có đc k ạ,22,other
1,mua mã xong đổi ngay thì báo vậy? thất vọng mất 200k,22,other
2,Mua cái phiếu này mà không để ý nhập sai * thôi là ko biết truy hồi ở đâu,22,other
1,Người nhận báo không nhận được gì cả. Tiki kiểm tra giúp,22,other
1,:)) không hoàn trả do mình ấn lộn,22,other
5,ok nhé,22,other
5,"Sản phẩm rất tiện dụng, hữu ích tặng cho người thân bạn bè.",22,other
1,Giờ muốn tặng cho người khác làm sao,22,other
5,"Mua dễ, gửi mã nhanh",22,other
5,Quá ok khi áp mã.,22,other
1,Mã thẻ không hợp lệ khi thanh toán ?,22,other
5,Mã sử dụng đổi tiki xu mua hàng thoải mái,22,other
5,Dễ sử dụng lắm. Mình rất thích,22,other
5,Xài được,22,other
5,ok được hợ lú gh nhanh hmchua,22,other
5,tôi ko biết làm sao để tt quà,22,other
4,"Rất ok, khi mua voucher.",22,other
4,Ok đúng hình ảnh,24,other
5,Rất hài lòng. Date xa tháng 4 & 5/2022,9,other
5,"ống hút bằng giấy , hạn sử dụng dài",9,other
5,ok ạ,9,other
5,Hàng rất ok,9,other
5,Con mình thích uống sữa này,9,other
5,Ok sua ngon bo dương minh thiach,9,other
5,sữa hsd xa lần sau mình mua tiếp,9,other
5,Sản phẩm còn hạn sử dụng.,9,other
5,date dài sữa ngon nên mua,9,other
5,sản phẩm chất luong,9,other
5,"Rất ngon, u tăg chiều cao",9,other
5,Date 22/4/2022,9,other
5,Tôi hài lòng.,9,other
5,Hài lòng. Hài lòng và hài lòng.,9,other
5,chat luong tuyet voi,9,other
5,Sữa ngon bé mình rất thích,9,other
5,ok ok ok,9,other
5,"Hàng chuẩn, date xa",9,other
5,i like it!,9,other
5,Thấy bé thích uống,9,other
5,Hài lòng lắm,9,other
5,Ngon ạ,9,other
5,"Tôi hài lòng với sản phẩm này, lần sau sẽ tiếp tục mua",9,other
5,Sản phẩm này con rất thích uống,9,other
5,thùng sữa bị mốp ở góc,9,other
5,Hàng oke,9,other
5,sữa ngon,9,other
5,"Sữa ngon , hàng chuẩn",9,other
5,ok ok,9,other
5,rất ok mọi người ạ,9,other
5,Đúng hẹn,9,other
5,ưng lắm,9,other
5,Luôn ủng hộ shop!,9,other
5,Sp ok ạ,9,other
5,quá tuyêt vời,9,other
5,uống ngo,9,other
5,date hơi ngắn tháng 7.2022,9,other
5,ok ngon rử,9,other
5,Răt tuyệt,9,other
5,Gia qua tot,9,other
5,"Ngày sx hơi xa, nên hạn hơi gần.",9,other
5,Sp nguyên vẹn k móp méo bể vỡ,9,other
5,date 8-21,9,other
5,Dong goi san pham chac chan . Chua dung nen chua biet chat luong san pham nhu the nao,9,other
5,nhân hàng rất ưng han sử dụng dai han. đóng hàng rất cẩn thận,9,other
5,"Chính hãng, các con rất thích, thoi hạn lau dài nên yên tâm",9,other
5,Okokokokeokeokeokeokw San pham y hinh,9,other
5,rất chuẩn,9,other
5,Rất hài lòng về sản phẩm này,9,other
5,Date xa,9,other
5,hang chuan 5 sao han dung den thang 3 sang nam ung ho tiki ngay cang pt,9,other
5,gia tot,9,other
4,ok sane phẩm ok,9,other
3,Đã nhận dc hàng tuy hơi lâu xíu,9,other
4,hạn sử dụng còn dài,9,other
4,sản phẩm okl,9,other
1,Không thanh toán được đơn hàng nầy,9,other
1,Không thanh toán đơn hàng được .,9,other
3,"khong hai long. gia cao, it.",9,other
4,Ngon lành,9,other
1,sản phẩm date quá ngắn mất 3/4 thời gian hạn sử dụng,9,other
1,hạn sử dụng chỉ còn 1tháng,9,other
4,Hài lòng về sp. mỗi tội ngọt quá.,9,other
4,sao mình không nhận được hàng tặng lốc milo ăn sáng vậy shop?,9,other
4,Toi cảm thấy hài lòng với sp nay,9,other
5,Oki lắm nên mua,25,other
5,ok quá tiện,25,other
5,Hàng đúng mô tả,25,other
5,"Sạch, chính hãng, rất thích",25,other
4,Dung dịch tẩy sạch cặn canxi và tạp chất bám vào máy mà không cần cọ rửa bằng tay. Tuy nhiên với máy rửa bát nhỏ thì cần phải cho chạy thêm 1 lần rửa không có bát sau đó để hết mùi dung dịch. Nếu mà có chai nhỏ hơn thì sẽ phù hợp với đa số máy rửa bát ở VN hơn. Thu gọn,25,other
5,"Mùi dễ chịu, rửa sạch, không hại da tay Mình không chụp hình, mọi người thông cảm, mình đăng đỡ hình yến sào Khánh Hoà",25,other
5,"Rửa sạch, không mùi, ko hại da tay.",25,other
5,"Sản phẩm thơm, không mùi hoá học, không khô da tay ., dễ chịu",25,other
5,"Rửa sạch, an toàn",25,other
5,"Xài ổn, không khỏi da tay",25,other
5,tôi rất hài lòng với sản phẩm,25,other
5,Nước rửa tay thơm nhẹ và dễ chịu,25,other
5,Nước rửa chén ok lắm,25,other
5,Xài không khô tay và rửa rất sạch,25,other
5,Tất hài lòng,25,other
5,Rất hài lòng cảm ơn tiki,25,other
5,sản phẩm xài ok,25,other
5,An tâm,25,other
4,"Khá sạch, mùi dễ chịu",25,other
4,bọt ít k sạch dầu mỡ,25,other
4,Rửa sạch,25,other
